aid	qid	uid
21	6	7FA1EBBF-D768-EDB3-B573-C9757CF2B5BE
15	6	7FA1EBBF-D768-EDB3-B573-C9757CF2B5BE
21	6	1AD4D95E-CEFA-13FB-573A-96BB22DFBD39
21	6	1AD4D95E-CEFA-13FB-573A-96BB22DFBD39
11	6	1AD4D95E-CEFA-13FB-573A-96BB22DFBD39
11	8	1AD4D95E-CEFA-13FB-573A-96BB22DFBD39
13	8	1AD4D95E-CEFA-13FB-573A-96BB22DFBD39
16	10	1AD4D95E-CEFA-13FB-573A-96BB22DFBD39
12	10	1AD4D95E-CEFA-13FB-573A-96BB22DFBD39
16	12	1AD4D95E-CEFA-13FB-573A-96BB22DFBD39
12	12	1AD4D95E-CEFA-13FB-573A-96BB22DFBD39
11	14	1AD4D95E-CEFA-13FB-573A-96BB22DFBD39
17	14	1AD4D95E-CEFA-13FB-573A-96BB22DFBD39
16	14	1AD4D95E-CEFA-13FB-573A-96BB22DFBD39
21	6	00F06E95-48D9-C869-D0EF-F234794259A1
21	6	00F06E95-48D9-C869-D0EF-F234794259A1
15	6	00F06E95-48D9-C869-D0EF-F234794259A1
13	8	00F06E95-48D9-C869-D0EF-F234794259A1
21	6	66472B67-A742-0E96-6210-3086A80BD8D5
21	6	66472B67-A742-0E96-6210-3086A80BD8D5
12	6	66472B67-A742-0E96-6210-3086A80BD8D5
21	6	2107D3D8-2901-C741-A548-F665CF283927
12	6	2107D3D8-2901-C741-A548-F665CF283927
11	6	0EE12ADF-B150-03B5-8294-930BA29771EB
12	8	2107D3D8-2901-C741-A548-F665CF283927
11	8	0EE12ADF-B150-03B5-8294-930BA29771EB
11	10	0EE12ADF-B150-03B5-8294-930BA29771EB
12	10	2107D3D8-2901-C741-A548-F665CF283927
11	12	0EE12ADF-B150-03B5-8294-930BA29771EB
12	12	0EE12ADF-B150-03B5-8294-930BA29771EB
12	12	2107D3D8-2901-C741-A548-F665CF283927
15	6	A4CCCFF7-CC8B-F493-8BFF-836DAC378411
11	6	A4CCCFF7-CC8B-F493-8BFF-836DAC378411
12	16	2107D3D8-2901-C741-A548-F665CF283927
21	6	B62C20B0-86F9-E265-08EC-1FEC2C27635B
15	6	B62C20B0-86F9-E265-08EC-1FEC2C27635B
12	6	B33C0FF7-DECB-7785-70AA-59796ED0E5E7
15	6	CA9C004F-25DE-8ACE-2A74-1E44A9A5576E
21	6	CA9C004F-25DE-8ACE-2A74-1E44A9A5576E
12	8	CA9C004F-25DE-8ACE-2A74-1E44A9A5576E
12	10	CA9C004F-25DE-8ACE-2A74-1E44A9A5576E
13	12	CA9C004F-25DE-8ACE-2A74-1E44A9A5576E
16	14	CA9C004F-25DE-8ACE-2A74-1E44A9A5576E
12	16	CA9C004F-25DE-8ACE-2A74-1E44A9A5576E
16	16	CA9C004F-25DE-8ACE-2A74-1E44A9A5576E
15	6	F7E42E38-E7F1-A888-7C38-75E2D7B2D0D8
21	6	F7E42E38-E7F1-A888-7C38-75E2D7B2D0D8
12	6	F7E42E38-E7F1-A888-7C38-75E2D7B2D0D8
21	6	32EC4D8C-131F-413C-1E04-B572EF25B732
21	6	32EC4D8C-131F-413C-1E04-B572EF25B732
13	6	32EC4D8C-131F-413C-1E04-B572EF25B732
21	6	32EC4D8C-131F-413C-1E04-B572EF25B732
21	6	7A5B14C8-F22B-D1B9-3B1B-3AF0B1040C42
15	6	32EC4D8C-131F-413C-1E04-B572EF25B732
12	8	F7E42E38-E7F1-A888-7C38-75E2D7B2D0D8
15	6	7A5B14C8-F22B-D1B9-3B1B-3AF0B1040C42
16	10	F7E42E38-E7F1-A888-7C38-75E2D7B2D0D8
12	10	F7E42E38-E7F1-A888-7C38-75E2D7B2D0D8
12	8	7A5B14C8-F22B-D1B9-3B1B-3AF0B1040C42
11	8	7A5B14C8-F22B-D1B9-3B1B-3AF0B1040C42
16	12	F7E42E38-E7F1-A888-7C38-75E2D7B2D0D8
12	12	F7E42E38-E7F1-A888-7C38-75E2D7B2D0D8
12	10	7A5B14C8-F22B-D1B9-3B1B-3AF0B1040C42
12	12	7A5B14C8-F22B-D1B9-3B1B-3AF0B1040C42
15	8	AE2B8CE6-E37C-C774-9BCE-363AC9720C36
12	14	7A5B14C8-F22B-D1B9-3B1B-3AF0B1040C42
13	10	AE2B8CE6-E37C-C774-9BCE-363AC9720C36
15	10	AE2B8CE6-E37C-C774-9BCE-363AC9720C36
12	16	7A5B14C8-F22B-D1B9-3B1B-3AF0B1040C42
21	6	FBDAA510-6C4E-7F0E-24F9-16DF5386EBEF
15	6	FBDAA510-6C4E-7F0E-24F9-16DF5386EBEF
16	12	AE2B8CE6-E37C-C774-9BCE-363AC9720C36
15	12	AE2B8CE6-E37C-C774-9BCE-363AC9720C36
18	14	AE2B8CE6-E37C-C774-9BCE-363AC9720C36
15	14	AE2B8CE6-E37C-C774-9BCE-363AC9720C36
12	10	FBDAA510-6C4E-7F0E-24F9-16DF5386EBEF
12	6	2EC4866E-731A-1895-FD29-F22287250AA5
12	8	2EC4866E-731A-1895-FD29-F22287250AA5
16	12	FBDAA510-6C4E-7F0E-24F9-16DF5386EBEF
12	14	FBDAA510-6C4E-7F0E-24F9-16DF5386EBEF
15	10	2EC4866E-731A-1895-FD29-F22287250AA5
12	10	2EC4866E-731A-1895-FD29-F22287250AA5
21	6	937004D4-F8A4-43D1-AB37-1E6CA9A4D3FD
12	6	937004D4-F8A4-43D1-AB37-1E6CA9A4D3FD
11	8	937004D4-F8A4-43D1-AB37-1E6CA9A4D3FD
12	8	937004D4-F8A4-43D1-AB37-1E6CA9A4D3FD
21	6	27523161-2A9B-F1EB-21A5-F9B880B6A67D
15	6	27523161-2A9B-F1EB-21A5-F9B880B6A67D
21	6	765ECFB9-F0BE-6E84-EF46-A77F4994EC2F
11	6	765ECFB9-F0BE-6E84-EF46-A77F4994EC2F
12	8	765ECFB9-F0BE-6E84-EF46-A77F4994EC2F
16	10	765ECFB9-F0BE-6E84-EF46-A77F4994EC2F
15	10	765ECFB9-F0BE-6E84-EF46-A77F4994EC2F
16	12	765ECFB9-F0BE-6E84-EF46-A77F4994EC2F
17	12	765ECFB9-F0BE-6E84-EF46-A77F4994EC2F
11	14	765ECFB9-F0BE-6E84-EF46-A77F4994EC2F
14	6	502C0B3A-3671-0F48-E943-78488FDB969E
15	6	502C0B3A-3671-0F48-E943-78488FDB969E
18	16	765ECFB9-F0BE-6E84-EF46-A77F4994EC2F
15	8	502C0B3A-3671-0F48-E943-78488FDB969E
12	8	502C0B3A-3671-0F48-E943-78488FDB969E
11	10	502C0B3A-3671-0F48-E943-78488FDB969E
21	6	99D293DD-BE24-633F-ACE7-791236B65830
12	6	99D293DD-BE24-633F-ACE7-791236B65830
21	6	5573DD22-FACA-7E45-A049-F1EF33DCD690
15	6	5573DD22-FACA-7E45-A049-F1EF33DCD690
12	8	5573DD22-FACA-7E45-A049-F1EF33DCD690
12	10	5573DD22-FACA-7E45-A049-F1EF33DCD690
15	12	5573DD22-FACA-7E45-A049-F1EF33DCD690
16	12	5573DD22-FACA-7E45-A049-F1EF33DCD690
12	12	5573DD22-FACA-7E45-A049-F1EF33DCD690
16	14	5573DD22-FACA-7E45-A049-F1EF33DCD690
18	14	5573DD22-FACA-7E45-A049-F1EF33DCD690
12	16	5573DD22-FACA-7E45-A049-F1EF33DCD690
21	6	912B94AF-AEE0-5173-E6FD-13F49D767644
12	6	912B94AF-AEE0-5173-E6FD-13F49D767644
21	6	46D64FE5-2779-8AD0-C1CD-DCE8DD5462A5
15	6	46D64FE5-2779-8AD0-C1CD-DCE8DD5462A5
21	6	94C9FE4C-5157-0D4C-24FA-63895034617B
15	6	94C9FE4C-5157-0D4C-24FA-63895034617B
15	8	94C9FE4C-5157-0D4C-24FA-63895034617B
12	8	94C9FE4C-5157-0D4C-24FA-63895034617B
12	10	94C9FE4C-5157-0D4C-24FA-63895034617B
16	12	94C9FE4C-5157-0D4C-24FA-63895034617B
12	12	94C9FE4C-5157-0D4C-24FA-63895034617B
18	14	94C9FE4C-5157-0D4C-24FA-63895034617B
12	14	94C9FE4C-5157-0D4C-24FA-63895034617B
12	16	94C9FE4C-5157-0D4C-24FA-63895034617B
16	12	502C0B3A-3671-0F48-E943-78488FDB969E
14	12	502C0B3A-3671-0F48-E943-78488FDB969E
21	6	E8C354F3-2FAD-5F7B-3588-7E673129C817
15	13	502C0B3A-3671-0F48-E943-78488FDB969E
15	6	E8C354F3-2FAD-5F7B-3588-7E673129C817
21	6	E8C354F3-2FAD-5F7B-3588-7E673129C817
13	6	E8C354F3-2FAD-5F7B-3588-7E673129C817
21	6	E2763706-0338-1E33-C979-B42AC1268558
12	6	E2763706-0338-1E33-C979-B42AC1268558
21	6	008C6B45-8721-1A27-A5E5-96A5E3BF3C2F
15	6	008C6B45-8721-1A27-A5E5-96A5E3BF3C2F
12	8	008C6B45-8721-1A27-A5E5-96A5E3BF3C2F
16	10	008C6B45-8721-1A27-A5E5-96A5E3BF3C2F
12	10	008C6B45-8721-1A27-A5E5-96A5E3BF3C2F
16	12	008C6B45-8721-1A27-A5E5-96A5E3BF3C2F
12	12	008C6B45-8721-1A27-A5E5-96A5E3BF3C2F
16	16	008C6B45-8721-1A27-A5E5-96A5E3BF3C2F
21	6	9A20F9D5-70E3-23C1-9AE5-93DE3CB6D348
11	6	9A20F9D5-70E3-23C1-9AE5-93DE3CB6D348
12	6	07E572FC-42B7-14ED-D411-E03095CEC9E6
12	8	07E572FC-42B7-14ED-D411-E03095CEC9E6
21	6	E12E4714-BA4B-3E24-7CB2-6CC713E0C664
15	6	E12E4714-BA4B-3E24-7CB2-6CC713E0C664
12	8	E12E4714-BA4B-3E24-7CB2-6CC713E0C664
21	6	BBEA05B9-07EA-7489-8AD2-76D2AE21BDC3
11	6	BBEA05B9-07EA-7489-8AD2-76D2AE21BDC3
12	8	BBEA05B9-07EA-7489-8AD2-76D2AE21BDC3
12	10	BBEA05B9-07EA-7489-8AD2-76D2AE21BDC3
11	12	BBEA05B9-07EA-7489-8AD2-76D2AE21BDC3
12	12	BBEA05B9-07EA-7489-8AD2-76D2AE21BDC3
12	14	BBEA05B9-07EA-7489-8AD2-76D2AE21BDC3
21	6	FD8ADD48-F37B-418A-D3E8-F2AAAF0B5A51
21	6	FD8ADD48-F37B-418A-D3E8-F2AAAF0B5A51
12	6	FD8ADD48-F37B-418A-D3E8-F2AAAF0B5A51
12	8	FD8ADD48-F37B-418A-D3E8-F2AAAF0B5A51
21	6	A187B4FE-9C52-A38B-3213-477D9785D45C
12	6	A187B4FE-9C52-A38B-3213-477D9785D45C
11	8	A187B4FE-9C52-A38B-3213-477D9785D45C
12	10	FD8ADD48-F37B-418A-D3E8-F2AAAF0B5A51
15	8	A187B4FE-9C52-A38B-3213-477D9785D45C
16	10	FD8ADD48-F37B-418A-D3E8-F2AAAF0B5A51
12	8	A187B4FE-9C52-A38B-3213-477D9785D45C
11	10	A187B4FE-9C52-A38B-3213-477D9785D45C
12	10	A187B4FE-9C52-A38B-3213-477D9785D45C
12	12	FD8ADD48-F37B-418A-D3E8-F2AAAF0B5A51
16	12	FD8ADD48-F37B-418A-D3E8-F2AAAF0B5A51
12	14	FD8ADD48-F37B-418A-D3E8-F2AAAF0B5A51
18	14	FD8ADD48-F37B-418A-D3E8-F2AAAF0B5A51
15	14	FD8ADD48-F37B-418A-D3E8-F2AAAF0B5A51
12	12	A187B4FE-9C52-A38B-3213-477D9785D45C
15	16	FD8ADD48-F37B-418A-D3E8-F2AAAF0B5A51
12	14	A187B4FE-9C52-A38B-3213-477D9785D45C
16	14	A187B4FE-9C52-A38B-3213-477D9785D45C
12	16	A187B4FE-9C52-A38B-3213-477D9785D45C
21	6	BAB366D2-2197-A73D-83DC-613BAE626C77
12	6	BAB366D2-2197-A73D-83DC-613BAE626C77
15	8	BAB366D2-2197-A73D-83DC-613BAE626C77
12	10	BAB366D2-2197-A73D-83DC-613BAE626C77
21	6	2829C719-7CCD-FFB1-536D-19DF59EED724
21	6	2829C719-7CCD-FFB1-536D-19DF59EED724
12	6	2829C719-7CCD-FFB1-536D-19DF59EED724
16	10	2829C719-7CCD-FFB1-536D-19DF59EED724
12	10	2829C719-7CCD-FFB1-536D-19DF59EED724
12	12	2829C719-7CCD-FFB1-536D-19DF59EED724
16	12	2829C719-7CCD-FFB1-536D-19DF59EED724
21	6	D46AAA1C-4B1E-B598-F639-20C3F2608004
12	6	D46AAA1C-4B1E-B598-F639-20C3F2608004
11	8	D46AAA1C-4B1E-B598-F639-20C3F2608004
12	8	D46AAA1C-4B1E-B598-F639-20C3F2608004
21	6	7CEF1D05-CDB9-1763-39A0-0FD845CA6A2C
12	6	7CEF1D05-CDB9-1763-39A0-0FD845CA6A2C
12	8	7CEF1D05-CDB9-1763-39A0-0FD845CA6A2C
21	6	A0A0B85E-ACE3-8836-82CD-A5F6F20791AA
21	6	A0A0B85E-ACE3-8836-82CD-A5F6F20791AA
12	6	A0A0B85E-ACE3-8836-82CD-A5F6F20791AA
21	6	null
15	6	null
13	8	null
15	8	null
16	10	null
12	10	null
21	6	5DE57AA4-9DD2-CFD7-476B-1989D21983F3
15	6	5DE57AA4-9DD2-CFD7-476B-1989D21983F3
12	12	null
16	14	null
11	14	null
12	6	062F3F40-0779-7936-4C21-385A26B303C8
16	16	null
15	6	805F3B1C-3D25-CBD9-56F9-7CEF348D8851
21	6	033632A8-770D-0963-5016-9E2C08C479F6
21	6	033632A8-770D-0963-5016-9E2C08C479F6
15	6	033632A8-770D-0963-5016-9E2C08C479F6
16	10	805F3B1C-3D25-CBD9-56F9-7CEF348D8851
12	8	033632A8-770D-0963-5016-9E2C08C479F6
15	8	033632A8-770D-0963-5016-9E2C08C479F6
12	12	805F3B1C-3D25-CBD9-56F9-7CEF348D8851
12	12	033632A8-770D-0963-5016-9E2C08C479F6
16	14	805F3B1C-3D25-CBD9-56F9-7CEF348D8851
12	14	805F3B1C-3D25-CBD9-56F9-7CEF348D8851
16	14	033632A8-770D-0963-5016-9E2C08C479F6
18	14	033632A8-770D-0963-5016-9E2C08C479F6
12	16	033632A8-770D-0963-5016-9E2C08C479F6
18	16	805F3B1C-3D25-CBD9-56F9-7CEF348D8851
11	6	5CF10809-AEAC-B3B7-2F6A-3C4D022A32BC
11	8	5CF10809-AEAC-B3B7-2F6A-3C4D022A32BC
15	10	5CF10809-AEAC-B3B7-2F6A-3C4D022A32BC
16	10	5CF10809-AEAC-B3B7-2F6A-3C4D022A32BC
12	12	5CF10809-AEAC-B3B7-2F6A-3C4D022A32BC
16	14	5CF10809-AEAC-B3B7-2F6A-3C4D022A32BC
18	14	5CF10809-AEAC-B3B7-2F6A-3C4D022A32BC
12	16	5CF10809-AEAC-B3B7-2F6A-3C4D022A32BC
13	16	5CF10809-AEAC-B3B7-2F6A-3C4D022A32BC
21	6	857AF449-80C1-B76E-9A78-D9DA2D6050BE
21	6	857AF449-80C1-B76E-9A78-D9DA2D6050BE
12	6	857AF449-80C1-B76E-9A78-D9DA2D6050BE
12	8	857AF449-80C1-B76E-9A78-D9DA2D6050BE
11	8	857AF449-80C1-B76E-9A78-D9DA2D6050BE
11	10	857AF449-80C1-B76E-9A78-D9DA2D6050BE
12	10	857AF449-80C1-B76E-9A78-D9DA2D6050BE
11	12	857AF449-80C1-B76E-9A78-D9DA2D6050BE
12	12	857AF449-80C1-B76E-9A78-D9DA2D6050BE
16	14	857AF449-80C1-B76E-9A78-D9DA2D6050BE
12	14	857AF449-80C1-B76E-9A78-D9DA2D6050BE
13	6	D60AF329-9CE5-00E8-071E-67E4C4715449
21	6	23BFAC94-EBEA-29C5-7CD8-6BFFED2BFEA1
15	6	23BFAC94-EBEA-29C5-7CD8-6BFFED2BFEA1
21	6	23BFAC94-EBEA-29C5-7CD8-6BFFED2BFEA1
11	6	23BFAC94-EBEA-29C5-7CD8-6BFFED2BFEA1
11	8	23BFAC94-EBEA-29C5-7CD8-6BFFED2BFEA1
12	8	23BFAC94-EBEA-29C5-7CD8-6BFFED2BFEA1
12	10	23BFAC94-EBEA-29C5-7CD8-6BFFED2BFEA1
11	10	23BFAC94-EBEA-29C5-7CD8-6BFFED2BFEA1
16	12	23BFAC94-EBEA-29C5-7CD8-6BFFED2BFEA1
16	12	23BFAC94-EBEA-29C5-7CD8-6BFFED2BFEA1
15	12	23BFAC94-EBEA-29C5-7CD8-6BFFED2BFEA1
18	14	23BFAC94-EBEA-29C5-7CD8-6BFFED2BFEA1
17	16	23BFAC94-EBEA-29C5-7CD8-6BFFED2BFEA1
16	16	23BFAC94-EBEA-29C5-7CD8-6BFFED2BFEA1
21	6	12241157-3D2A-6B0E-D7AD-7DE3852CFAEF
15	6	12241157-3D2A-6B0E-D7AD-7DE3852CFAEF
21	6	19B92961-5F00-5FFC-8AC9-EFAF1EF3CAA1
21	6	19B92961-5F00-5FFC-8AC9-EFAF1EF3CAA1
12	8	12241157-3D2A-6B0E-D7AD-7DE3852CFAEF
11	6	19B92961-5F00-5FFC-8AC9-EFAF1EF3CAA1
16	10	12241157-3D2A-6B0E-D7AD-7DE3852CFAEF
13	10	12241157-3D2A-6B0E-D7AD-7DE3852CFAEF
15	10	19B92961-5F00-5FFC-8AC9-EFAF1EF3CAA1
12	12	12241157-3D2A-6B0E-D7AD-7DE3852CFAEF
12	12	19B92961-5F00-5FFC-8AC9-EFAF1EF3CAA1
16	12	19B92961-5F00-5FFC-8AC9-EFAF1EF3CAA1
16	14	19B92961-5F00-5FFC-8AC9-EFAF1EF3CAA1
16	16	19B92961-5F00-5FFC-8AC9-EFAF1EF3CAA1
17	16	19B92961-5F00-5FFC-8AC9-EFAF1EF3CAA1
11	16	19B92961-5F00-5FFC-8AC9-EFAF1EF3CAA1
21	6	18F4169D-78CE-D8BB-980B-B42CDA2224A8
15	6	18F4169D-78CE-D8BB-980B-B42CDA2224A8
21	6	4AE5BDB9-B281-30BA-FB31-C3877C6BE3D2
12	8	18F4169D-78CE-D8BB-980B-B42CDA2224A8
12	6	4AE5BDB9-B281-30BA-FB31-C3877C6BE3D2
15	8	4AE5BDB9-B281-30BA-FB31-C3877C6BE3D2
15	10	4AE5BDB9-B281-30BA-FB31-C3877C6BE3D2
16	10	4AE5BDB9-B281-30BA-FB31-C3877C6BE3D2
11	12	4AE5BDB9-B281-30BA-FB31-C3877C6BE3D2
16	12	4AE5BDB9-B281-30BA-FB31-C3877C6BE3D2
21	6	6EEF983A-E791-B9D9-9F5B-A72011AFE078
11	6	6EEF983A-E791-B9D9-9F5B-A72011AFE078
12	8	6EEF983A-E791-B9D9-9F5B-A72011AFE078
16	10	6EEF983A-E791-B9D9-9F5B-A72011AFE078
12	10	6EEF983A-E791-B9D9-9F5B-A72011AFE078
21	6	E3F4F291-DABB-BDEB-AF55-9331C78AF11C
15	6	E3F4F291-DABB-BDEB-AF55-9331C78AF11C
12	8	E3F4F291-DABB-BDEB-AF55-9331C78AF11C
12	6	FD497893-80C5-A5EA-E4A6-F2313A098759
21	6	6D86006C-EA4C-A70D-C8D9-6A9F22EB67F3
11	6	6D86006C-EA4C-A70D-C8D9-6A9F22EB67F3
12	8	6D86006C-EA4C-A70D-C8D9-6A9F22EB67F3
16	10	6D86006C-EA4C-A70D-C8D9-6A9F22EB67F3
15	6	ECD7CB97-9E03-35C6-1228-D67D0D0F5FA8
21	6	ECD7CB97-9E03-35C6-1228-D67D0D0F5FA8
14	6	ECD7CB97-9E03-35C6-1228-D67D0D0F5FA8
12	8	ECD7CB97-9E03-35C6-1228-D67D0D0F5FA8
12	10	ECD7CB97-9E03-35C6-1228-D67D0D0F5FA8
16	12	ECD7CB97-9E03-35C6-1228-D67D0D0F5FA8
12	12	ECD7CB97-9E03-35C6-1228-D67D0D0F5FA8
16	14	ECD7CB97-9E03-35C6-1228-D67D0D0F5FA8
15	8	0A8CFF89-6098-25DF-EC63-933C813AA4F6
14	8	0A8CFF89-6098-25DF-EC63-933C813AA4F6
12	10	0A8CFF89-6098-25DF-EC63-933C813AA4F6
14	10	0A8CFF89-6098-25DF-EC63-933C813AA4F6
16	12	0A8CFF89-6098-25DF-EC63-933C813AA4F6
17	14	0A8CFF89-6098-25DF-EC63-933C813AA4F6
21	6	62652725-6953-057F-48C1-EB4DA1102EA7
15	6	62652725-6953-057F-48C1-EB4DA1102EA7
21	6	A0D3EC5E-50E8-79AA-38DB-19D0D265C9EC
14	6	A0D3EC5E-50E8-79AA-38DB-19D0D265C9EC
15	6	E2DAA26B-D859-E270-A9FC-FCBD50456D33
13	6	E2DAA26B-D859-E270-A9FC-FCBD50456D33
15	8	A0D3EC5E-50E8-79AA-38DB-19D0D265C9EC
12	8	E2DAA26B-D859-E270-A9FC-FCBD50456D33
12	10	A0D3EC5E-50E8-79AA-38DB-19D0D265C9EC
14	10	E2DAA26B-D859-E270-A9FC-FCBD50456D33
12	12	A0D3EC5E-50E8-79AA-38DB-19D0D265C9EC
18	14	A0D3EC5E-50E8-79AA-38DB-19D0D265C9EC
16	14	A0D3EC5E-50E8-79AA-38DB-19D0D265C9EC
12	12	E2DAA26B-D859-E270-A9FC-FCBD50456D33
12	14	E2DAA26B-D859-E270-A9FC-FCBD50456D33
16	16	E2DAA26B-D859-E270-A9FC-FCBD50456D33
11	6	4B037469-BE65-E21D-3EE8-8DC9FC8CDD1B
12	8	4B037469-BE65-E21D-3EE8-8DC9FC8CDD1B
12	10	4B037469-BE65-E21D-3EE8-8DC9FC8CDD1B
16	10	4B037469-BE65-E21D-3EE8-8DC9FC8CDD1B
12	12	4B037469-BE65-E21D-3EE8-8DC9FC8CDD1B
16	12	4B037469-BE65-E21D-3EE8-8DC9FC8CDD1B
21	6	59E67E63-0223-388D-2D35-C209C8957126
11	6	59E67E63-0223-388D-2D35-C209C8957126
11	8	59E67E63-0223-388D-2D35-C209C8957126
21	6	AE9732F6-B1BA-4F31-FED9-B956846E440B
15	6	AE9732F6-B1BA-4F31-FED9-B956846E440B
16	10	59E67E63-0223-388D-2D35-C209C8957126
12	8	AE9732F6-B1BA-4F31-FED9-B956846E440B
16	12	59E67E63-0223-388D-2D35-C209C8957126
12	12	59E67E63-0223-388D-2D35-C209C8957126
16	14	59E67E63-0223-388D-2D35-C209C8957126
17	14	59E67E63-0223-388D-2D35-C209C8957126
16	10	AE9732F6-B1BA-4F31-FED9-B956846E440B
12	10	AE9732F6-B1BA-4F31-FED9-B956846E440B
21	6	A372D936-6F2B-B714-82FE-225912814C96
15	6	A372D936-6F2B-B714-82FE-225912814C96
21	6	753C8823-FD69-5DA7-27D1-68F7AA209CE6
15	6	753C8823-FD69-5DA7-27D1-68F7AA209CE6
13	8	753C8823-FD69-5DA7-27D1-68F7AA209CE6
11	8	A372D936-6F2B-B714-82FE-225912814C96
12	10	A372D936-6F2B-B714-82FE-225912814C96
21	6	EAB0AA7B-FDFA-8822-AF3F-C782E2C9B842
11	6	EAB0AA7B-FDFA-8822-AF3F-C782E2C9B842
16	12	753C8823-FD69-5DA7-27D1-68F7AA209CE6
16	12	753C8823-FD69-5DA7-27D1-68F7AA209CE6
15	12	753C8823-FD69-5DA7-27D1-68F7AA209CE6
15	8	EAB0AA7B-FDFA-8822-AF3F-C782E2C9B842
18	14	753C8823-FD69-5DA7-27D1-68F7AA209CE6
16	12	A372D936-6F2B-B714-82FE-225912814C96
21	6	6FCE4228-59A5-6946-E23E-70ABEE47FCDE
15	6	6FCE4228-59A5-6946-E23E-70ABEE47FCDE
18	14	A372D936-6F2B-B714-82FE-225912814C96
12	8	6FCE4228-59A5-6946-E23E-70ABEE47FCDE
12	10	6FCE4228-59A5-6946-E23E-70ABEE47FCDE
12	8	3F1A9EDC-7DED-B11C-CE46-854B86D7B601
12	12	6FCE4228-59A5-6946-E23E-70ABEE47FCDE
13	10	3F1A9EDC-7DED-B11C-CE46-854B86D7B601
14	10	3F1A9EDC-7DED-B11C-CE46-854B86D7B601
15	11	3F1A9EDC-7DED-B11C-CE46-854B86D7B601
21	6	5F6C6C12-9E5A-A056-1EEA-1534C63A411E
21	6	D25589E9-3065-4385-163B-553E7760750B
15	6	5F6C6C12-9E5A-A056-1EEA-1534C63A411E
21	6	D25589E9-3065-4385-163B-553E7760750B
13	6	D25589E9-3065-4385-163B-553E7760750B
21	6	D25589E9-3065-4385-163B-553E7760750B
12	6	D25589E9-3065-4385-163B-553E7760750B
11	8	5F6C6C12-9E5A-A056-1EEA-1534C63A411E
12	8	5F6C6C12-9E5A-A056-1EEA-1534C63A411E
12	10	D25589E9-3065-4385-163B-553E7760750B
11	10	D25589E9-3065-4385-163B-553E7760750B
12	12	D25589E9-3065-4385-163B-553E7760750B
16	12	D25589E9-3065-4385-163B-553E7760750B
12	10	5F6C6C12-9E5A-A056-1EEA-1534C63A411E
12	14	D25589E9-3065-4385-163B-553E7760750B
11	14	D25589E9-3065-4385-163B-553E7760750B
16	14	D25589E9-3065-4385-163B-553E7760750B
17	16	D25589E9-3065-4385-163B-553E7760750B
21	6	5FD0E430-1B95-CEFA-A05B-3ABD319A8C8E
15	6	5FD0E430-1B95-CEFA-A05B-3ABD319A8C8E
16	10	5FD0E430-1B95-CEFA-A05B-3ABD319A8C8E
21	6	F3105274-2D85-D1F8-CA5F-4D2311A4AB7A
21	6	F3105274-2D85-D1F8-CA5F-4D2311A4AB7A
13	6	F3105274-2D85-D1F8-CA5F-4D2311A4AB7A
12	8	F3105274-2D85-D1F8-CA5F-4D2311A4AB7A
21	6	8885C899-7315-E0E8-690F-045610438C9C
13	6	8885C899-7315-E0E8-690F-045610438C9C
12	10	F3105274-2D85-D1F8-CA5F-4D2311A4AB7A
11	10	F3105274-2D85-D1F8-CA5F-4D2311A4AB7A
14	8	8885C899-7315-E0E8-690F-045610438C9C
21	6	587D6AB2-0679-3428-D749-493F3E949AA7
12	6	587D6AB2-0679-3428-D749-493F3E949AA7
11	8	60C6C8C1-272D-BA2F-1ABF-B6AFFD19EE28
16	10	60C6C8C1-272D-BA2F-1ABF-B6AFFD19EE28
16	12	60C6C8C1-272D-BA2F-1ABF-B6AFFD19EE28
17	14	60C6C8C1-272D-BA2F-1ABF-B6AFFD19EE28
21	6	E60D1030-768F-191D-3230-DCF7FF9AD7F9
15	6	E60D1030-768F-191D-3230-DCF7FF9AD7F9
16	10	E60D1030-768F-191D-3230-DCF7FF9AD7F9
12	12	E60D1030-768F-191D-3230-DCF7FF9AD7F9
21	6	0D476079-56C6-36C4-CCB5-725CD55EBEF3
15	6	0D476079-56C6-36C4-CCB5-725CD55EBEF3
12	14	E60D1030-768F-191D-3230-DCF7FF9AD7F9
16	16	E60D1030-768F-191D-3230-DCF7FF9AD7F9
21	6	F5E862B3-D64F-C878-6FF1-222FA567B356
14	6	F5E862B3-D64F-C878-6FF1-222FA567B356
15	8	F5E862B3-D64F-C878-6FF1-222FA567B356
12	10	F5E862B3-D64F-C878-6FF1-222FA567B356
15	10	F5E862B3-D64F-C878-6FF1-222FA567B356
15	12	F5E862B3-D64F-C878-6FF1-222FA567B356
12	12	F5E862B3-D64F-C878-6FF1-222FA567B356
18	14	F5E862B3-D64F-C878-6FF1-222FA567B356
17	14	F5E862B3-D64F-C878-6FF1-222FA567B356
21	6	B5627106-0056-5F4C-D890-38EF8AFA6AB2
11	6	B5627106-0056-5F4C-D890-38EF8AFA6AB2
12	8	B5627106-0056-5F4C-D890-38EF8AFA6AB2
16	10	B5627106-0056-5F4C-D890-38EF8AFA6AB2
13	12	B5627106-0056-5F4C-D890-38EF8AFA6AB2
16	14	B5627106-0056-5F4C-D890-38EF8AFA6AB2
15	14	B5627106-0056-5F4C-D890-38EF8AFA6AB2
14	14	B5627106-0056-5F4C-D890-38EF8AFA6AB2
16	16	B5627106-0056-5F4C-D890-38EF8AFA6AB2
21	6	18CA4EBC-6C9C-29D1-2FB6-0419DF63B62F
11	6	18CA4EBC-6C9C-29D1-2FB6-0419DF63B62F
12	8	18CA4EBC-6C9C-29D1-2FB6-0419DF63B62F
15	8	18CA4EBC-6C9C-29D1-2FB6-0419DF63B62F
12	10	18CA4EBC-6C9C-29D1-2FB6-0419DF63B62F
16	10	18CA4EBC-6C9C-29D1-2FB6-0419DF63B62F
12	12	18CA4EBC-6C9C-29D1-2FB6-0419DF63B62F
16	12	18CA4EBC-6C9C-29D1-2FB6-0419DF63B62F
12	14	18CA4EBC-6C9C-29D1-2FB6-0419DF63B62F
14	14	18CA4EBC-6C9C-29D1-2FB6-0419DF63B62F
13	15	18CA4EBC-6C9C-29D1-2FB6-0419DF63B62F
12	16	18CA4EBC-6C9C-29D1-2FB6-0419DF63B62F
21	6	34D2C129-BB4C-754B-8A6E-30E1000610E2
12	6	34D2C129-BB4C-754B-8A6E-30E1000610E2
21	6	7DC7960D-60D7-BB4E-D732-AFC334A319C6
21	6	7DC7960D-60D7-BB4E-D732-AFC334A319C6
13	6	7DC7960D-60D7-BB4E-D732-AFC334A319C6
21	6	EB14BE3C-8920-B7AD-4614-BE8119D65654
15	6	EB14BE3C-8920-B7AD-4614-BE8119D65654
12	6	3B5D2CFC-326D-7FC3-7408-C2C71D2F9DAF
15	8	3B5D2CFC-326D-7FC3-7408-C2C71D2F9DAF
12	8	7DC7960D-60D7-BB4E-D732-AFC334A319C6
14	8	7DC7960D-60D7-BB4E-D732-AFC334A319C6
21	6	91C79C32-57B7-3ABC-7514-C96CA7548BEC
15	6	91C79C32-57B7-3ABC-7514-C96CA7548BEC
21	6	91C79C32-57B7-3ABC-7514-C96CA7548BEC
14	8	57FB1061-DF4D-D8A1-8296-91DCE3390DBC
15	8	57FB1061-DF4D-D8A1-8296-91DCE3390DBC
21	6	BD35C0F6-2029-0A6F-B765-49F0046471B9
11	6	BD35C0F6-2029-0A6F-B765-49F0046471B9
11	8	BD35C0F6-2029-0A6F-B765-49F0046471B9
15	8	BD35C0F6-2029-0A6F-B765-49F0046471B9
21	6	6AEED782-3150-ABB1-221C-C08879EAA175
13	6	6AEED782-3150-ABB1-221C-C08879EAA175
16	10	BD35C0F6-2029-0A6F-B765-49F0046471B9
15	6	6AEED782-3150-ABB1-221C-C08879EAA175
11	8	6AEED782-3150-ABB1-221C-C08879EAA175
16	12	BD35C0F6-2029-0A6F-B765-49F0046471B9
15	12	BD35C0F6-2029-0A6F-B765-49F0046471B9
17	14	BD35C0F6-2029-0A6F-B765-49F0046471B9
16	14	BD35C0F6-2029-0A6F-B765-49F0046471B9
18	14	BD35C0F6-2029-0A6F-B765-49F0046471B9
21	6	38492D6E-5F1E-597D-96C5-E0A7134A783B
15	6	38492D6E-5F1E-597D-96C5-E0A7134A783B
12	8	38492D6E-5F1E-597D-96C5-E0A7134A783B
11	8	5FA46B9D-719A-48E9-8B59-2F7C1ACC4706
21	6	5F78BE6A-8F2C-756F-E4A8-80A01449D987
15	6	5F78BE6A-8F2C-756F-E4A8-80A01449D987
13	8	5F78BE6A-8F2C-756F-E4A8-80A01449D987
12	8	5F78BE6A-8F2C-756F-E4A8-80A01449D987
11	10	5F78BE6A-8F2C-756F-E4A8-80A01449D987
15	12	5F78BE6A-8F2C-756F-E4A8-80A01449D987
11	6	CCF5529B-ACCE-EC9D-9870-A9C7F056E4D2
14	8	CCF5529B-ACCE-EC9D-9870-A9C7F056E4D2
15	8	CCF5529B-ACCE-EC9D-9870-A9C7F056E4D2
13	10	CCF5529B-ACCE-EC9D-9870-A9C7F056E4D2
17	12	CCF5529B-ACCE-EC9D-9870-A9C7F056E4D2
16	14	CCF5529B-ACCE-EC9D-9870-A9C7F056E4D2
16	16	CCF5529B-ACCE-EC9D-9870-A9C7F056E4D2
13	6	C51052DE-FB55-9941-B749-5C0985ADCDB2
21	6	C51052DE-FB55-9941-B749-5C0985ADCDB2
14	6	C51052DE-FB55-9941-B749-5C0985ADCDB2
21	6	FADF7229-341E-A286-B73F-34AD8964BDF4
13	6	FADF7229-341E-A286-B73F-34AD8964BDF4
15	8	FADF7229-341E-A286-B73F-34AD8964BDF4
12	10	FADF7229-341E-A286-B73F-34AD8964BDF4
13	10	FADF7229-341E-A286-B73F-34AD8964BDF4
16	12	FADF7229-341E-A286-B73F-34AD8964BDF4
12	12	FADF7229-341E-A286-B73F-34AD8964BDF4
12	14	FADF7229-341E-A286-B73F-34AD8964BDF4
12	16	FADF7229-341E-A286-B73F-34AD8964BDF4
21	6	DB3E89D3-F5CA-B28D-4B8B-F921B26A791D
21	6	DB3E89D3-F5CA-B28D-4B8B-F921B26A791D
13	6	DB3E89D3-F5CA-B28D-4B8B-F921B26A791D
12	8	DB3E89D3-F5CA-B28D-4B8B-F921B26A791D
11	8	DB3E89D3-F5CA-B28D-4B8B-F921B26A791D
16	10	DB3E89D3-F5CA-B28D-4B8B-F921B26A791D
11	10	DB3E89D3-F5CA-B28D-4B8B-F921B26A791D
16	12	DB3E89D3-F5CA-B28D-4B8B-F921B26A791D
18	14	DB3E89D3-F5CA-B28D-4B8B-F921B26A791D
16	14	DB3E89D3-F5CA-B28D-4B8B-F921B26A791D
11	14	DB3E89D3-F5CA-B28D-4B8B-F921B26A791D
11	6	50F1998E-8577-AA9C-C8FF-52AB0CC339C0
17	16	DB3E89D3-F5CA-B28D-4B8B-F921B26A791D
21	6	7B804F7D-E928-DB9D-6A7D-4B0B22749045
21	6	7B804F7D-E928-DB9D-6A7D-4B0B22749045
13	6	7B804F7D-E928-DB9D-6A7D-4B0B22749045
12	6	4748B31D-C3A7-2A92-37F4-45155E02F8F2
12	8	4748B31D-C3A7-2A92-37F4-45155E02F8F2
12	10	4748B31D-C3A7-2A92-37F4-45155E02F8F2
12	12	4748B31D-C3A7-2A92-37F4-45155E02F8F2
16	12	4748B31D-C3A7-2A92-37F4-45155E02F8F2
12	14	4748B31D-C3A7-2A92-37F4-45155E02F8F2
12	16	4748B31D-C3A7-2A92-37F4-45155E02F8F2
21	6	7DDACD87-A746-BB4D-AD64-9F6D49C6FB1F
15	6	7DDACD87-A746-BB4D-AD64-9F6D49C6FB1F
12	8	7DDACD87-A746-BB4D-AD64-9F6D49C6FB1F
12	10	7DDACD87-A746-BB4D-AD64-9F6D49C6FB1F
12	12	7DDACD87-A746-BB4D-AD64-9F6D49C6FB1F
12	14	7DDACD87-A746-BB4D-AD64-9F6D49C6FB1F
11	6	9D672BE2-0496-04A1-4A4A-639E457CFC04
14	8	9D672BE2-0496-04A1-4A4A-639E457CFC04
15	8	9D672BE2-0496-04A1-4A4A-639E457CFC04
13	8	9D672BE2-0496-04A1-4A4A-639E457CFC04
16	10	9D672BE2-0496-04A1-4A4A-639E457CFC04
21	6	50CCBB90-D7FB-044B-0999-06BFB8DD979F
15	6	50CCBB90-D7FB-044B-0999-06BFB8DD979F
16	12	9D672BE2-0496-04A1-4A4A-639E457CFC04
17	12	9D672BE2-0496-04A1-4A4A-639E457CFC04
18	14	9D672BE2-0496-04A1-4A4A-639E457CFC04
16	14	9D672BE2-0496-04A1-4A4A-639E457CFC04
21	6	F74A8F4F-1E86-EBD8-8F87-58867CF240C4
15	6	F74A8F4F-1E86-EBD8-8F87-58867CF240C4
21	6	F74A8F4F-1E86-EBD8-8F87-58867CF240C4
12	6	F74A8F4F-1E86-EBD8-8F87-58867CF240C4
12	8	F74A8F4F-1E86-EBD8-8F87-58867CF240C4
11	8	F74A8F4F-1E86-EBD8-8F87-58867CF240C4
21	6	19BBC53D-168A-C60E-89EE-5858D5DEA779
12	6	19BBC53D-168A-C60E-89EE-5858D5DEA779
21	6	372DED8C-CEE2-A067-9294-3FD2D47A5E28
15	6	372DED8C-CEE2-A067-9294-3FD2D47A5E28
12	8	372DED8C-CEE2-A067-9294-3FD2D47A5E28
16	10	372DED8C-CEE2-A067-9294-3FD2D47A5E28
21	6	5DA9862C-7707-6E90-0144-CD7DD99ABBA9
12	12	372DED8C-CEE2-A067-9294-3FD2D47A5E28
15	6	5DA9862C-7707-6E90-0144-CD7DD99ABBA9
16	12	372DED8C-CEE2-A067-9294-3FD2D47A5E28
21	6	5DA9862C-7707-6E90-0144-CD7DD99ABBA9
12	6	5DA9862C-7707-6E90-0144-CD7DD99ABBA9
21	6	2CAAB5FD-5F4C-6EEA-4D57-AE100565BE5E
11	6	2CAAB5FD-5F4C-6EEA-4D57-AE100565BE5E
15	6	31A8E943-EB31-857E-E393-3FA4252CDC32
21	6	31A8E943-EB31-857E-E393-3FA4252CDC32
13	6	31A8E943-EB31-857E-E393-3FA4252CDC32
21	6	31A8E943-EB31-857E-E393-3FA4252CDC32
21	6	31A8E943-EB31-857E-E393-3FA4252CDC32
21	6	31A8E943-EB31-857E-E393-3FA4252CDC32
21	6	31A8E943-EB31-857E-E393-3FA4252CDC32
21	6	31A8E943-EB31-857E-E393-3FA4252CDC32
21	6	31A8E943-EB31-857E-E393-3FA4252CDC32
21	6	31A8E943-EB31-857E-E393-3FA4252CDC32
21	6	31A8E943-EB31-857E-E393-3FA4252CDC32
21	6	31A8E943-EB31-857E-E393-3FA4252CDC32
21	6	31A8E943-EB31-857E-E393-3FA4252CDC32
21	6	31A8E943-EB31-857E-E393-3FA4252CDC32
21	6	31A8E943-EB31-857E-E393-3FA4252CDC32
21	6	31A8E943-EB31-857E-E393-3FA4252CDC32
21	6	31A8E943-EB31-857E-E393-3FA4252CDC32
21	6	31A8E943-EB31-857E-E393-3FA4252CDC32
21	6	31A8E943-EB31-857E-E393-3FA4252CDC32
21	6	31A8E943-EB31-857E-E393-3FA4252CDC32
21	6	31A8E943-EB31-857E-E393-3FA4252CDC32
21	6	31A8E943-EB31-857E-E393-3FA4252CDC32
21	6	31A8E943-EB31-857E-E393-3FA4252CDC32
21	6	31A8E943-EB31-857E-E393-3FA4252CDC32
21	6	31A8E943-EB31-857E-E393-3FA4252CDC32
21	6	31A8E943-EB31-857E-E393-3FA4252CDC32
21	6	31A8E943-EB31-857E-E393-3FA4252CDC32
21	6	31A8E943-EB31-857E-E393-3FA4252CDC32
21	6	31A8E943-EB31-857E-E393-3FA4252CDC32
21	6	31A8E943-EB31-857E-E393-3FA4252CDC32
21	6	4FA3CD9D-1DD9-F4CD-E78F-6D063DA3DC7E
15	6	4FA3CD9D-1DD9-F4CD-E78F-6D063DA3DC7E
12	8	4FA3CD9D-1DD9-F4CD-E78F-6D063DA3DC7E
11	6	10220B48-514B-EFDF-08A6-13F2EC874AEF
16	10	4FA3CD9D-1DD9-F4CD-E78F-6D063DA3DC7E
13	10	4FA3CD9D-1DD9-F4CD-E78F-6D063DA3DC7E
12	12	4FA3CD9D-1DD9-F4CD-E78F-6D063DA3DC7E
16	14	4FA3CD9D-1DD9-F4CD-E78F-6D063DA3DC7E
18	14	4FA3CD9D-1DD9-F4CD-E78F-6D063DA3DC7E
11	10	10220B48-514B-EFDF-08A6-13F2EC874AEF
12	10	10220B48-514B-EFDF-08A6-13F2EC874AEF
12	12	10220B48-514B-EFDF-08A6-13F2EC874AEF
11	12	10220B48-514B-EFDF-08A6-13F2EC874AEF
12	14	10220B48-514B-EFDF-08A6-13F2EC874AEF
11	14	10220B48-514B-EFDF-08A6-13F2EC874AEF
16	16	10220B48-514B-EFDF-08A6-13F2EC874AEF
16	16	10220B48-514B-EFDF-08A6-13F2EC874AEF
21	6	F632226D-414F-F6DB-9B29-17F5C01F40E5
13	6	F632226D-414F-F6DB-9B29-17F5C01F40E5
21	6	F632226D-414F-F6DB-9B29-17F5C01F40E5
21	6	F632226D-414F-F6DB-9B29-17F5C01F40E5
21	6	F632226D-414F-F6DB-9B29-17F5C01F40E5
21	6	F632226D-414F-F6DB-9B29-17F5C01F40E5
21	6	F632226D-414F-F6DB-9B29-17F5C01F40E5
21	6	F632226D-414F-F6DB-9B29-17F5C01F40E5
21	6	F632226D-414F-F6DB-9B29-17F5C01F40E5
21	6	F632226D-414F-F6DB-9B29-17F5C01F40E5
21	6	F632226D-414F-F6DB-9B29-17F5C01F40E5
21	6	F632226D-414F-F6DB-9B29-17F5C01F40E5
21	6	F632226D-414F-F6DB-9B29-17F5C01F40E5
21	6	F632226D-414F-F6DB-9B29-17F5C01F40E5
21	6	F632226D-414F-F6DB-9B29-17F5C01F40E5
21	6	F632226D-414F-F6DB-9B29-17F5C01F40E5
21	6	F632226D-414F-F6DB-9B29-17F5C01F40E5
21	6	F632226D-414F-F6DB-9B29-17F5C01F40E5
21	6	F632226D-414F-F6DB-9B29-17F5C01F40E5
21	6	F632226D-414F-F6DB-9B29-17F5C01F40E5
21	6	F632226D-414F-F6DB-9B29-17F5C01F40E5
21	6	F632226D-414F-F6DB-9B29-17F5C01F40E5
21	6	F632226D-414F-F6DB-9B29-17F5C01F40E5
21	6	F632226D-414F-F6DB-9B29-17F5C01F40E5
21	6	9184F4D1-9B1C-854B-BFBA-A5F60D66719A
12	6	9184F4D1-9B1C-854B-BFBA-A5F60D66719A
11	6	58B12BFC-4E7D-26BF-F453-D8C2200C709E
12	8	9184F4D1-9B1C-854B-BFBA-A5F60D66719A
13	8	58B12BFC-4E7D-26BF-F453-D8C2200C709E
21	6	97AD768C-D00B-5D19-78E3-3C6257845EB4
21	6	97AD768C-D00B-5D19-78E3-3C6257845EB4
12	8	58B12BFC-4E7D-26BF-F453-D8C2200C709E
15	6	97AD768C-D00B-5D19-78E3-3C6257845EB4
16	10	9184F4D1-9B1C-854B-BFBA-A5F60D66719A
12	10	9184F4D1-9B1C-854B-BFBA-A5F60D66719A
12	8	97AD768C-D00B-5D19-78E3-3C6257845EB4
15	10	58B12BFC-4E7D-26BF-F453-D8C2200C709E
11	10	58B12BFC-4E7D-26BF-F453-D8C2200C709E
12	10	97AD768C-D00B-5D19-78E3-3C6257845EB4
12	12	9184F4D1-9B1C-854B-BFBA-A5F60D66719A
16	12	9184F4D1-9B1C-854B-BFBA-A5F60D66719A
15	14	9184F4D1-9B1C-854B-BFBA-A5F60D66719A
12	14	9184F4D1-9B1C-854B-BFBA-A5F60D66719A
12	16	9184F4D1-9B1C-854B-BFBA-A5F60D66719A
12	12	58B12BFC-4E7D-26BF-F453-D8C2200C709E
12	14	58B12BFC-4E7D-26BF-F453-D8C2200C709E
11	6	35B68F13-7414-8D9F-1C45-884D3855D18C
12	8	35B68F13-7414-8D9F-1C45-884D3855D18C
21	6	DCDDB039-8420-8FB4-AA5D-EDF0871019F5
12	6	DCDDB039-8420-8FB4-AA5D-EDF0871019F5
12	8	DCDDB039-8420-8FB4-AA5D-EDF0871019F5
21	6	8F221983-2628-A47C-C4E7-F48C7A2919DA
14	6	8F221983-2628-A47C-C4E7-F48C7A2919DA
15	8	8F221983-2628-A47C-C4E7-F48C7A2919DA
21	6	422C8F1D-9D50-D87E-C720-015FAC8A0FAF
13	6	422C8F1D-9D50-D87E-C720-015FAC8A0FAF
15	10	8F221983-2628-A47C-C4E7-F48C7A2919DA
15	12	8F221983-2628-A47C-C4E7-F48C7A2919DA
21	6	8D36CBB9-98B6-CBA0-B9C2-C14226D020B2
13	6	8D36CBB9-98B6-CBA0-B9C2-C14226D020B2
18	14	8F221983-2628-A47C-C4E7-F48C7A2919DA
14	8	8D36CBB9-98B6-CBA0-B9C2-C14226D020B2
21	6	FF5236A8-1294-CF68-8168-9B5DDECFB26F
12	6	FF5236A8-1294-CF68-8168-9B5DDECFB26F
21	6	44EE848E-2FC6-6289-4809-03A83EC4D47F
15	6	44EE848E-2FC6-6289-4809-03A83EC4D47F
12	8	FF5236A8-1294-CF68-8168-9B5DDECFB26F
15	8	44EE848E-2FC6-6289-4809-03A83EC4D47F
11	10	FF5236A8-1294-CF68-8168-9B5DDECFB26F
14	10	44EE848E-2FC6-6289-4809-03A83EC4D47F
12	10	44EE848E-2FC6-6289-4809-03A83EC4D47F
16	12	FF5236A8-1294-CF68-8168-9B5DDECFB26F
12	12	FF5236A8-1294-CF68-8168-9B5DDECFB26F
13	12	44EE848E-2FC6-6289-4809-03A83EC4D47F
12	14	FF5236A8-1294-CF68-8168-9B5DDECFB26F
21	6	50F1998E-8577-AA9C-C8FF-52AB0CC339C0
21	6	50F1998E-8577-AA9C-C8FF-52AB0CC339C0
13	6	50F1998E-8577-AA9C-C8FF-52AB0CC339C0
14	6	50F1998E-8577-AA9C-C8FF-52AB0CC339C0
17	14	44EE848E-2FC6-6289-4809-03A83EC4D47F
12	14	44EE848E-2FC6-6289-4809-03A83EC4D47F
12	8	9F32645A-26F7-22D6-CF1F-67C7F54B17CE
15	6	E13A375A-5DFB-0CED-86F9-7AC301A61D71
14	8	E13A375A-5DFB-0CED-86F9-7AC301A61D71
21	6	2E4E6E9C-E676-FFBD-8E3D-02F4CF0F1516
15	6	2E4E6E9C-E676-FFBD-8E3D-02F4CF0F1516
21	6	D5E33462-29C5-7506-3BE7-81486D524D43
12	6	D5E33462-29C5-7506-3BE7-81486D524D43
21	6	97C65B6F-664B-42F6-59AE-38E7F4937723
15	6	97C65B6F-664B-42F6-59AE-38E7F4937723
21	6	97C65B6F-664B-42F6-59AE-38E7F4937723
13	6	97C65B6F-664B-42F6-59AE-38E7F4937723
12	9	97C65B6F-664B-42F6-59AE-38E7F4937723
13	10	97C65B6F-664B-42F6-59AE-38E7F4937723
14	10	97C65B6F-664B-42F6-59AE-38E7F4937723
13	12	97C65B6F-664B-42F6-59AE-38E7F4937723
14	12	97C65B6F-664B-42F6-59AE-38E7F4937723
21	6	1C63C72D-40EE-96BC-DD19-129C0F63A944
21	6	AAEBBE52-A1D3-D6F1-95D4-3C02F8F0664C
21	6	AAEBBE52-A1D3-D6F1-95D4-3C02F8F0664C
12	6	0B299C13-DB76-009B-CB6D-9C5E84AE25C0
13	6	AAEBBE52-A1D3-D6F1-95D4-3C02F8F0664C
21	6	92F06629-6046-534B-6EC2-788AEA08F160
12	6	92F06629-6046-534B-6EC2-788AEA08F160
12	8	0B299C13-DB76-009B-CB6D-9C5E84AE25C0
21	6	C39012C2-7C21-FD08-E625-86F778BE2F71
11	10	92F06629-6046-534B-6EC2-788AEA08F160
15	6	C39012C2-7C21-FD08-E625-86F778BE2F71
13	10	92F06629-6046-534B-6EC2-788AEA08F160
11	8	C39012C2-7C21-FD08-E625-86F778BE2F71
12	12	0B299C13-DB76-009B-CB6D-9C5E84AE25C0
13	10	C39012C2-7C21-FD08-E625-86F778BE2F71
16	10	C39012C2-7C21-FD08-E625-86F778BE2F71
16	14	0B299C13-DB76-009B-CB6D-9C5E84AE25C0
18	14	92F06629-6046-534B-6EC2-788AEA08F160
13	14	0B299C13-DB76-009B-CB6D-9C5E84AE25C0
15	14	92F06629-6046-534B-6EC2-788AEA08F160
16	14	92F06629-6046-534B-6EC2-788AEA08F160
12	16	0B299C13-DB76-009B-CB6D-9C5E84AE25C0
16	12	C39012C2-7C21-FD08-E625-86F778BE2F71
13	12	C39012C2-7C21-FD08-E625-86F778BE2F71
17	14	C39012C2-7C21-FD08-E625-86F778BE2F71
16	14	C39012C2-7C21-FD08-E625-86F778BE2F71
15	8	E52062BB-470C-E0E2-DB23-C4C81BFD83DF
16	10	E52062BB-470C-E0E2-DB23-C4C81BFD83DF
12	10	E52062BB-470C-E0E2-DB23-C4C81BFD83DF
16	12	E52062BB-470C-E0E2-DB23-C4C81BFD83DF
14	12	E52062BB-470C-E0E2-DB23-C4C81BFD83DF
12	12	E52062BB-470C-E0E2-DB23-C4C81BFD83DF
12	6	611457EF-ED86-9C90-A8AD-F1A7E0CFFF65
12	8	611457EF-ED86-9C90-A8AD-F1A7E0CFFF65
