log_pl_id	uid	eid	log_ts	gid	cid	vid	client_ip	pl_detail	cd_id	sessionid	client_ts	host_domain	referrer_host	referrer_path	multiplayer_seqid
1	F1F02440-806D-30D6-04A9-E2A159F44929	0	1525999408	1800	1	1	73.42.206.234	{"user_agent":null}	0	F1C85C5A-96FF-0917-6BE6-310B29791CCB	1525999130000	NULL	NULL		0
2	6869BDDD-5DB0-E94A-C861-6A29E60EE3B4	0	1526000044	1800	1	1	73.42.206.234	{"user_agent":null}	0	1C322461-4958-598D-D613-0AB2E1ADE031	1525999766000	NULL	NULL		0
3	D3D20661-917C-22F5-3799-E2A1C35FF208	0	1526003482	1800	1	1	10.19.67.37	{"user_agent":null}	0	34CB7BAC-C815-D691-F030-2FB5B534953F	1526003203000	NULL	NULL		0
4	A4A57113-B35E-0583-51FA-D192E429947A	0	1526006537	1800	1	1	10.19.67.37	{"user_agent":null}	0	6082F8AE-DF74-D32D-4796-9CDC5B08625E	1526006259000	NULL	NULL		0
5	B5B46000-806D-349A-C861-6A2908EDD069	0	1526007058	1800	1	1	10.19.67.37	{"user_agent":null}	0	7DE54078-392B-56C1-6A27-DE9BDD3DCCE5	1526006780000	NULL	NULL		0
6	1F1ECAA6-E60B-5E39-FB5E-95D6AE822FCF	0	1526007423	1800	1	1	10.19.67.37	{"user_agent":null}	0	75149394-E42F-E729-ACC2-BEFEBDAE14E9	1526007145000	NULL	NULL		0
7	5B5A8EE2-A24F-1A7F-9D38-F3B0D9F77A8B	0	1526007701	1800	1	1	10.19.67.37	{"user_agent":null}	0	8CCF88F7-95D8-CEAD-0DA0-C02AD55B5CC9	1526007422000	NULL	NULL		0
8	7978ACC1-917C-285D-BF1B-C083AF911CA8	0	1526007821	1800	1	1	10.19.67.37	{"user_agent":null}	0	35304A12-C8BB-096A-9250-8E5B09638E3F	1526007543000	NULL	NULL		0
9	9796422C-4CA1-F6B2-40E7-0C4F8E811C45	0	1526008072	1800	1	1	10.19.67.37	{"user_agent":null}	0	B73F07BD-BBEB-ABFC-042B-6E09E724DAD0	1526007794000	NULL	NULL		0
10	0E0FDBB6-E60B-5F2A-C86C-B7F48DB33EDF	0	1526008120	1800	1	1	10.19.67.37	{"user_agent":null}	0	93E6C23F-754F-5DF9-719C-C03D6B9E226E	1526007842000	NULL	NULL		0
11	D3D20668-08E5-B2FF-9D3A-D19242444901	0	1526011260	1800	1	1	10.19.67.37	{"user_agent":null}	0	9C9F3827-2B3F-1742-8C5D-90BB02914209	1526010982000	NULL	NULL		0
12	97964228-08E5-B6BF-9D3E-95D68AC88541	0	1526014008	1800	1	1	10.19.67.37	{"user_agent":null}	0	21E4A0E8-75C2-2B6C-99C4-98DB9FF49DB1	1526013730000	NULL	NULL		0
13	C2C3177D-5DB0-E3E2-40E3-480B02488514	0	1526015697	1800	1	1	73.42.206.234	{"user_agent":null}	0	EE0D91BE-2BC6-3A76-346B-B652FD927EEF	1526015419000	NULL	NULL		0
14	86875331-917C-27A8-EA41-6A29B1755858	0	1526017916	1800	1	1	73.42.206.234	{"user_agent":null}	0	DB626BA7-8E10-3DD7-E820-A4723A324FC5	1526017637000	NULL	NULL		0
15	C2C3177C-4CA1-F3E3-51F3-480B742FF215	0	1526018153	1800	1	1	73.42.206.234	{"user_agent":null}	0	619A16F1-6854-C09E-8A24-C4B22221B3E3	1526017874000	NULL	NULL		0
16	7978ACC7-F71A-4856-04A6-1D5E306558AE	0	1526018218	1800	1	1	73.42.206.234	{"user_agent":null}	0	6FB65491-1E5E-487D-BD94-0D9A0FDD716F	1526017940000	NULL	NULL		0
17	3D3CE883-B35E-0C1F-9D3F-84C7653DD0EA	0	1526018469	1800	1	1	73.42.206.234	{"user_agent":null}	0	E55A259D-FDA6-CA45-128D-A345B09EB335	1526018190000	NULL	NULL		0
18	97964227-F71A-46B8-EA46-1D5E0DB8854E	0	1526018594	1800	1	1	73.42.206.234	{"user_agent":null}	0	5AA73BAD-3B84-8085-A3DB-737AD030526A	1526018315000	NULL	NULL		0
19	2C2DF99A-2AC7-9D0A-C862-591A5E822FF3	0	1526018677	1800	1	1	73.42.206.234	{"user_agent":null}	0	D01C0C03-A95E-CD68-E976-2F7F55E6D21F	1526018398000	NULL	NULL		0
20	7978ACCC-4CA1-F851-73DA-D1922AC885A5	0	1526018753	1800	1	1	73.42.206.234	{"user_agent":null}	0	72232BA6-7061-6DB8-1A11-27D92BEB1BA2	1526018475000	NULL	NULL		0
21	4A4B9FF5-D538-6B65-3794-3F7C46033E9C	0	1526018816	1800	1	1	73.42.206.234	{"user_agent":null}	0	2E163A25-B6B6-8F54-60C4-81654962E9FC	1526018538000	NULL	NULL		0
22	2C2DF999-19F4-AD02-40E9-E2A1C4200DF0	0	1526018867	1800	1	1	73.42.206.234	{"user_agent":null}	0	2C2EC08E-D1DE-1D8B-B210-04C2A8EE55FA	1526018589000	NULL	NULL		0
23	C2C31777-F71A-43E2-40E9-E2A1A248851E	0	1526018914	1800	1	1	73.42.206.234	{"user_agent":null}	0	F9EF8B5A-C31F-F0A6-46FD-691C5CDCBD0A	1526018636000	NULL	NULL		0
24	E0E1355C-4CA1-F1C8-EA4A-D19289FBB635	0	1526018947	1800	1	1	73.42.206.234	{"user_agent":null}	0	7741DAC7-0FFA-0612-95CF-E0A5BA5284E1	1526018669000	NULL	NULL		0
25	C2C3177D-5DB0-E3E0-62C1-6A2920688514	0	1526018980	1800	1	1	73.42.206.234	{"user_agent":null}	0	2E21BD52-A38A-115D-E4BA-471C1103C196	1526018702000	NULL	NULL		0
26	B5B46005-D538-6492-40EC-B7F42F922F6C	0	1526019375	1800	1	1	73.42.206.234	{"user_agent":null}	0	2D229F1D-CF38-7307-3DD3-EE56CBD0A924	1526019096000	NULL	NULL		0
27	E0E13553-B35E-01CA-C867-0C4FE0600D3A	0	1526019539	1800	1	1	73.42.206.234	{"user_agent":null}	0	413C4977-1573-DA0F-66E2-464659A0CA7B	1526019261000	NULL	NULL		0
28	9796422A-2AC7-96BF-9D3C-B7F4EE8CC143	0	1526020795	1800	1	1	73.42.206.234	{"user_agent":null}	0	A492C70D-95D3-6B94-9E94-CBC69FE21EBC	1526020516000	NULL	NULL		0
29	F1F0244D-5DB0-E0D2-40E0-7B38FE877A24	0	1526020839	1800	1	1	73.42.206.234	{"user_agent":null}	0	78D1B3F8-3BED-5F2E-C4B8-7124BC54932D	1526020561000	NULL	NULL		0
30	E0E1355E-6E83-D1CA-C86A-D19265355837	0	1526021025	1800	1	1	73.42.206.234	{"user_agent":null}	0	A28CECF6-8E46-D389-7AF9-E7AE074A237F	1526020747000	NULL	NULL		0
31	6869BDDF-7F92-C945-379C-B7F44E8994B6	0	1526021213	1800	1	1	73.42.206.234	{"user_agent":null}	0	000B5E5B-072A-DBDB-B15E-1CE519C7F23A	1526020935000	NULL	NULL		0
32	B5B46008-08E5-B49A-C869-E2A199FCC161	0	1526021448	1800	1	1	73.42.206.234	{"user_agent":null}	0	D0BCE3CF-15F0-F714-561E-ACD6FC21D33C	1526021169000	NULL	NULL		0
33	0E0FDBBC-4CA1-FF2C-AE00-7B38F06885D5	0	1526021608	1800	1	1	73.42.206.234	{"user_agent":null}	0	F3412641-E3B1-A45A-3452-0576B217559A	1526021329000	NULL	NULL		0
34	BE1CE12D-C316-1D6D-C889-F1775ECAC866	0	1526021715	1800	1	1	73.42.206.234	{"user_agent":"Mozilla\\/5.0 (Macintosh; Intel Mac OS X 10_12_6) AppleWebKit\\/537.36 (KHTML, like Gecko) Chrome\\/66.0.3359.139 Safari\\/537.36"}	0	A03DF736-25F3-C23D-91B9-2EB7C3053875	1526021437273	NULL	127.0.0.1	/	0
35	BE1CE12D-C316-1D6D-C889-F1775ECAC866	0	1526021768	1800	1	1	73.42.206.234	{"user_agent":"Mozilla\\/5.0 (Macintosh; Intel Mac OS X 10_12_6) AppleWebKit\\/537.36 (KHTML, like Gecko) Chrome\\/66.0.3359.139 Safari\\/537.36"}	0	08F40749-B294-5286-8AF8-1935EE5A8531	1526021489649	NULL	127.0.0.1	/	0
36	A4A57119-19F4-A585-3796-1D5E006BB670	0	1526022060	1800	1	1	73.42.206.234	{"user_agent":null}	0	B8B14DCF-3FC8-5ADE-4A76-B4BFEB44897E	1526021781000	NULL	NULL		0
37	BE1CE12D-C316-1D6D-C889-F1775ECAC866	0	1526022266	1800	1	1	73.42.206.234	{"user_agent":"Mozilla\\/5.0 (Macintosh; Intel Mac OS X 10_12_6) AppleWebKit\\/537.36 (KHTML, like Gecko) Chrome\\/66.0.3359.139 Safari\\/537.36"}	0	8F27D35C-8CF0-3EC2-B433-4DFD0D65E0CA	1526021987960	NULL	127.0.0.1	/	0
38	BE1CE12D-C316-1D6D-C889-F1775ECAC866	0	1526022370	1800	1	1	73.42.206.234	{"user_agent":"Mozilla\\/5.0 (Macintosh; Intel Mac OS X 10_12_6) AppleWebKit\\/537.36 (KHTML, like Gecko) Chrome\\/66.0.3359.139 Safari\\/537.36"}	0	00B48EF6-3356-3EF0-7282-A721E4289BCF	1526022092249	NULL	127.0.0.1	/	0
42	6869BDD2-A24F-1945-3791-6A299E8994BB	0	1526063749	1800	1	1	10.19.116.251	{"user_agent":null}	0	C11BB4DA-CE8B-F66D-75F7-A82D715FABBF	1526063469000	NULL	NULL		0
43	C2C3177D-5DB0-E3EF-9D3E-95D657100D14	0	1526063780	1800	1	1	10.19.116.251	{"user_agent":null}	0	87DE882A-32B6-2A91-E1B1-2E177C60842C	1526063501000	NULL	NULL		0
44	C2C3177F-7F92-C3EF-9D3C-B7F422455816	0	1526063949	1800	1	1	10.19.116.251	{"user_agent":null}	0	A31547B9-2479-E4B0-29E5-60EE2D64FC49	1526063670000	NULL	NULL		0
45	9796422C-4CA1-F6B9-FB5C-B7F4F9FDD045	0	1526063997	1800	1	1	10.19.116.251	{"user_agent":null}	0	46BCBC95-17CB-BC05-DB2B-DE208CCF7D79	1526063718000	NULL	NULL		0
46	2C2DF991-917C-2D0F-9D3C-B7F4CCA558F8	0	1526064105	1800	1	1	10.19.116.251	{"user_agent":null}	0	97164594-B043-0854-4F44-80B640DC6DD8	1526063826000	NULL	NULL		0
47	F1F02443-B35E-00D1-73DD-A6E5D248852A	0	1526064140	1800	1	1	10.19.116.251	{"user_agent":null}	0	36C78EC8-EAE1-664B-4BD1-CCD467DE9A30	1526063861000	NULL	NULL		0
48	E0E13551-917C-21CF-9D30-7B3859FCC138	0	1526065435	1800	1	1	10.19.116.251	{"user_agent":null}	0	368C6442-5246-6CDE-32CA-4EAC70E82B96	1526065156000	NULL	NULL		0
49	5B5A8EEB-3BD6-8A71-73DF-84C758E88582	0	1526065701	1800	1	1	10.19.116.251	{"user_agent":null}	0	7B91BDF1-8F42-7F0D-941B-F0366FA940C7	1526065422000	NULL	NULL		0
50	D3D2066F-7F92-C2F4-2686-1D5EDCA11C06	0	1526065960	1800	1	1	10.19.116.251	{"user_agent":null}	0	EC30B32C-75D2-5F61-6B36-342364A88DE0	1526065681000	NULL	NULL		0
51	B5B46000-806D-349B-D970-7B387F9BB669	0	1526066424	1800	1	1	10.19.116.251	{"user_agent":null}	0	FE442AC8-B74D-2CEF-B1FA-AD3B1CC232F4	1526066144000	NULL	NULL		0
52	BE1CE12D-C316-1D6D-C889-F1775ECAC866	0	1526067854	1800	1	1	73.42.206.234	{"user_agent":"Mozilla\\/5.0 (Macintosh; Intel Mac OS X 10_12_6) AppleWebKit\\/537.36 (KHTML, like Gecko) Chrome\\/66.0.3359.139 Safari\\/537.36"}	0	5E644D89-AF72-66D2-BB2D-C38FA393B6C5	1526067575350	NULL	127.0.0.1	/	0
53	BE1CE12D-C316-1D6D-C889-F1775ECAC866	0	1526068004	1800	1	1	73.42.206.234	{"user_agent":"Mozilla\\/5.0 (Macintosh; Intel Mac OS X 10_12_6) AppleWebKit\\/537.36 (KHTML, like Gecko) Chrome\\/66.0.3359.139 Safari\\/537.36"}	0	4B0DD5BB-C6CC-1E31-8B9E-ECD040D3B9C9	1526067725067	NULL	127.0.0.1	/	0
54	1F1ECAA6-E60B-5E38-EA4F-84C79DB00DCF	0	1526068303	1800	1	1	10.19.116.251	{"user_agent":null}	0	51A7AAFA-DDCE-0398-55BD-3575285440CF	1526068024000	NULL	NULL		0
55	BE1CE12D-C316-1D6D-C889-F1775ECAC866	0	1526068319	1800	1	1	73.42.206.234	{"user_agent":"Mozilla\\/5.0 (Macintosh; Intel Mac OS X 10_12_6) AppleWebKit\\/537.36 (KHTML, like Gecko) Chrome\\/66.0.3359.139 Safari\\/537.36"}	0	581434FE-5C10-BBA9-7FE0-3117D98BDE92	1526068040658	NULL	127.0.0.1	/	0
56	BE1CE12D-C316-1D6D-C889-F1775ECAC866	0	1526068509	1800	1	1	73.42.206.234	{"user_agent":"Mozilla\\/5.0 (Macintosh; Intel Mac OS X 10_12_6) AppleWebKit\\/537.36 (KHTML, like Gecko) Chrome\\/66.0.3359.139 Safari\\/537.36"}	0	F8CB7478-10E6-B22D-EC8D-788F0C64A229	1526068230532	NULL	127.0.0.1	/	0
57	BE1CE12D-C316-1D6D-C889-F1775ECAC866	0	1526068979	1800	1	1	73.42.206.234	{"user_agent":"Mozilla\\/5.0 (Macintosh; Intel Mac OS X 10_12_6) AppleWebKit\\/537.36 (KHTML, like Gecko) Chrome\\/66.0.3359.139 Safari\\/537.36"}	0	AF12CC41-48F5-F044-E756-C5D6C2E37ED6	1526068699976	NULL	127.0.0.1	/	0
58	BE1CE12D-C316-1D6D-C889-F1775ECAC866	0	1526069128	1800	1	1	73.42.206.234	{"user_agent":"Mozilla\\/5.0 (Macintosh; Intel Mac OS X 10_12_6) AppleWebKit\\/537.36 (KHTML, like Gecko) Chrome\\/66.0.3359.139 Safari\\/537.36"}	0	D6DDA060-BF4D-7E7D-3E71-5E3C7A99A337	1526068848626	NULL	127.0.0.1	/	0
59	BE1CE12D-C316-1D6D-C889-F1775ECAC866	0	1526069184	1800	1	1	73.42.206.234	{"user_agent":"Mozilla\\/5.0 (Macintosh; Intel Mac OS X 10_12_6) AppleWebKit\\/537.36 (KHTML, like Gecko) Chrome\\/66.0.3359.139 Safari\\/537.36"}	0	6E7AB5F3-7BAC-14D2-7F21-C00B42CBD73B	1526068905048	NULL	127.0.0.1	/	0
60	BE1CE12D-C316-1D6D-C889-F1775ECAC866	0	1526069478	1800	1	1	73.42.206.234	{"user_agent":"Mozilla\\/5.0 (Macintosh; Intel Mac OS X 10_12_6) AppleWebKit\\/537.36 (KHTML, like Gecko) Chrome\\/66.0.3359.139 Safari\\/537.36"}	0	931F6085-31B9-1408-1F09-F26F1C74DF7A	1526069199270	NULL	127.0.0.1	/	0
61	BE1CE12D-C316-1D6D-C889-F1775ECAC866	0	1526069582	1800	1	1	73.42.206.234	{"user_agent":"Mozilla\\/5.0 (Macintosh; Intel Mac OS X 10_12_6) AppleWebKit\\/537.36 (KHTML, like Gecko) Chrome\\/66.0.3359.139 Safari\\/537.36"}	0	D2C145AB-C733-0C59-E77A-75AF6983EC83	1526069303245	NULL	127.0.0.1	/	0
62	4A4B9FF8-08E5-BB60-62CC-B7F4D2422F91	0	1526069639	1800	1	1	10.19.116.251	{"user_agent":null}	0	E5C2BD73-83CE-E334-147E-25A5B1E61AF4	1526069360000	NULL	NULL		0
63	BE1CE12D-C316-1D6D-C889-F1775ECAC866	0	1526069659	1800	1	1	73.42.206.234	{"user_agent":"Mozilla\\/5.0 (Macintosh; Intel Mac OS X 10_12_6) AppleWebKit\\/537.36 (KHTML, like Gecko) Chrome\\/66.0.3359.139 Safari\\/537.36"}	0	B20F1A7E-1CFF-89F9-328E-60CE284B4976	1526069380112	NULL	127.0.0.1	/	0
64	6869BDD3-B35E-0945-3790-7B38BDBAA7BA	0	1526069684	1800	1	1	10.19.116.251	{"user_agent":null}	0	3761F3A5-5259-20F3-4FC6-BE28AA0D3F11	1526069405000	NULL	NULL		0
65	F1F02441-917C-20DF-9D31-6A2958ECC128	0	1526069720	1800	1	1	10.19.116.251	{"user_agent":null}	0	D66FBD40-A2A1-3A09-2729-96F7F5C262C7	1526069441000	NULL	NULL		0
66	02334B5E-9659-1341-4917-B1F67A202234	0	1526069883	1800	1	1	73.42.206.234	{"user_agent":"Mozilla\\/5.0 (Macintosh; Intel Mac OS X 10_12_6) AppleWebKit\\/537.36 (KHTML, like Gecko) Chrome\\/66.0.3359.139 Safari\\/537.36"}	0	AD0E6FD6-AAC2-2598-6365-AA4D44918DC5	1526069603753	NULL	students.washington.edu	/nettevi/clockin/	0
67	96AFB7E8-A634-652F-770E-F6E2D0857B89	0	1526070003	1800	1	1	73.42.206.234	{"user_agent":"Mozilla\\/5.0 (Macintosh; Intel Mac OS X 10_12_6) AppleWebKit\\/604.4.7 (KHTML, like Gecko) Version\\/11.0.2 Safari\\/604.4.7"}	0	5E042837-3CEF-C613-6C3A-EF3C6483A9E9	1526069724175	NULL	students.washington.edu	/nettevi/clockin/	0
68	9796422D-5DB0-E6B8-EA4C-B7F4CBDEE344	0	1526070083	1800	1	1	10.19.116.251	{"user_agent":null}	0	EB0F8421-872D-92C1-4195-B120520A96D7	1526069804000	NULL	NULL		0
70	2C2DF990-806D-3D00-62C2-591A10666BF9	0	1526070321	1800	1	1	10.19.116.251	{"user_agent":null}	0	11192D09-6B1D-9EC1-9B4A-CC7D62918D45	1526070042000	NULL	NULL		0
71	C2C31777-F71A-43EC-AE07-0C4F08ECC11E	0	1526070429	1800	1	1	10.19.116.251	{"user_agent":null}	0	F12C9338-2913-9AAE-857E-26FF4A9AE321	1526070150000	NULL	NULL		0
72	F1F0244C-4CA1-F0D7-15B4-3F7CCCA00D25	0	1526070456	1800	1	1	10.19.116.251	{"user_agent":null}	0	CE029CAA-702B-FEDD-227C-2AB1389B4A36	1526070177000	NULL	NULL		0
73	D3D20667-F71A-42F3-51F9-E2A1817BB60E	0	1526070479	1800	1	1	10.19.116.251	{"user_agent":null}	0	E457751C-81DA-58D6-ABE1-32C72BD88F28	1526070199000	NULL	NULL		0
74	0E0FDBBE-6E83-DF27-15B9-E2A12F9CC1D7	0	1526071056	1800	1	1	10.19.116.251	{"user_agent":null}	0	5F88E269-A62E-BDF3-522F-2143FDE6211E	1526070777000	NULL	NULL		0
75	6869BDDB-3BD6-8948-EA45-2E6D971DD0B2	0	1526071093	1800	1	1	10.19.116.251	{"user_agent":null}	0	53DDDA22-AE6E-5A9D-BFDB-6E5FF5B5FDDD	1526070814000	NULL	NULL		0
76	B5B4600E-6E83-D494-2681-6A29BDB66B67	0	1526071149	1800	1	1	10.19.116.251	{"user_agent":null}	0	8CC3CFC2-903F-3F48-469A-D6D79C69CA43	1526070870000	NULL	NULL		0
77	8687533C-4CA1-F7A5-3791-6A29E9F00D55	0	1526071194	1800	1	1	10.19.116.251	{"user_agent":null}	0	7091EA60-81B2-AF27-FDA9-0CCDA67E28FE	1526070915000	NULL	NULL		0
78	5B5A8EE3-B35E-0A72-40E4-3F7CEBD8858A	0	1526071381	1800	1	1	10.19.116.251	{"user_agent":null}	0	43EE5A57-EDCD-4713-8003-F056EA303FF7	1526071102000	NULL	NULL		0
79	6D70AB3B-755E-58BE-5C40-70DE477E97B1	0	1526071701	1800	1	1	10.19.116.251	{"user_agent":"Mozilla\\/5.0 (Macintosh; Intel Mac OS X 10_12_6) AppleWebKit\\/605.1.15 (KHTML, like Gecko) Version\\/11.1 Safari\\/605.1.15"}	0	9A61BB6F-764B-58B6-1C57-5F6B9A6B8B49	1526071421898	NULL	students.washington.edu	/nettevi/clockin/	0
80	5B5A8EEE-6E83-DA79-FB52-591A91799487	0	1526072169	1800	1	1	10.19.116.251	{"user_agent":null}	0	F612ABBF-28EF-61F5-7984-1F6F56C33436	1526071889000	NULL	NULL		0
81	1F1ECAAD-5DB0-EE34-2688-F3B03CADD0C4	0	1526072574	1800	1	1	10.19.116.251	{"user_agent":null}	0	25BEDE3D-C156-874C-6E4F-37828555D045	1526072295000	NULL	NULL		0
82	8687533E-6E83-D7A1-73D7-0C4FC9F44957	0	1526072590	1800	1	1	10.19.116.251	{"user_agent":null}	0	E9F89CCA-6CD8-8994-8BA8-366490EE1EEE	1526072310000	NULL	NULL		0
83	F1F02441-917C-20D4-268A-D192F24DD028	0	1526072676	1800	1	1	10.19.116.251	{"user_agent":null}	0	8B878356-C36E-0478-9FAE-43C75859B05F	1526072397000	NULL	NULL		0
84	7978ACC8-08E5-B85B-D974-3F7CE24AA7A1	0	1526072785	1800	1	1	10.19.116.251	{"user_agent":null}	0	A7B7219F-B6EE-50F8-C877-0E78D1044343	1526072505000	NULL	NULL		0
85	8687533B-3BD6-87A8-EA4B-C08399FDD052	0	1526072861	1800	1	1	10.19.116.251	{"user_agent":null}	0	78000550-AD21-0C07-2CD7-D09A2F160FD9	1526072582000	NULL	NULL		0
86	1F1ECAA7-F71A-4E33-51F5-2E6D724449CE	0	1526072935	1800	1	1	10.19.116.251	{"user_agent":null}	0	D9FA4FDD-3278-AACA-359A-6F178EEB53D5	1526072656000	NULL	NULL		0
87	D3D2066A-2AC7-92FB-D97C-B7F451733E03	0	1526073129	1800	1	1	10.19.116.251	{"user_agent":null}	0	527980EA-A6BE-2397-787A-16D1C41B7385	1526072850000	NULL	NULL		0
88	5B5A8EEB-3BD6-8A70-62CE-95D6F2433E82	0	1526073387	1800	1	1	10.19.116.251	{"user_agent":null}	0	127518BB-CDEF-4ECA-C3CA-C2315D916385	1526073108000	NULL	NULL		0
91	B5B4600C-4CA1-F495-3792-591AC8E22F65	0	1526076783	1800	1	1	10.19.116.251	{"user_agent":null}	0	16CB6C9B-D0BB-C3CB-CEA8-BE1A14829D9C	1526076504000	NULL	NULL		0
93	0E0FDBBF-7F92-CF25-379A-D192842558D6	0	1526078792	1800	1	1	10.19.116.251	{"user_agent":null}	0	BFD35D52-4FCA-DE32-5F6A-25489B9C558A	1526078513000	NULL	NULL		0
102	C2C31777-F71A-43EF-9D34-3F7CE6011C1E	0	1526080583	1800	1	1	10.19.116.251	{"user_agent":null}	0	48244DD8-F71F-7C4C-5532-0902EDC70BFB	1526080304000	NULL	NULL		0
104	4A4B9FF5-D538-6B61-73D0-7B38A8E9949C	0	1526081278	1800	1	1	10.19.116.251	{"user_agent":null}	0	DE0DB2FB-3F8E-C2CF-B5F1-73A4112C6627	1526080999000	NULL	NULL		0
111	A4A57113-B35E-0584-268D-A6E50AC00D7A	0	1526083288	1800	1	1	10.19.116.251	{"user_agent":null}	0	AB0A71CE-5AB2-6F26-BD64-D78F45153C94	1526083009000	NULL	NULL		0
113	97964229-19F4-A6BB-D97B-C083B8EEE340	0	1526083685	1800	1	1	10.19.116.251	{"user_agent":null}	0	AAEE704D-0955-A138-55DF-352AE90251C2	1526083405000	NULL	NULL		0
116	6869BDDE-6E83-D94E-8C26-1D5E0BD77AB7	0	1526083768	1800	1	1	10.19.116.251	{"user_agent":null}	0	ED656A7C-CCFE-0DD6-1F0E-B11A35DA3A09	1526083488000	NULL	NULL		0
117	E0E13555-D538-61C1-73DA-D192917AA73C	0	1526083915	1800	1	1	10.19.116.251	{"user_agent":null}	0	C074B240-4A13-40E1-611C-9213087B9232	1526083636000	NULL	NULL		0
120	E0E1355A-2AC7-91CB-D97F-84C725344933	0	1526084310	1800	1	1	10.19.116.251	{"user_agent":null}	0	8A94029E-7225-6824-66EF-CD04F3D6BE0E	1526084031000	NULL	NULL		0
122	E0E1355E-6E83-D1CD-BF1D-A6E530677A37	0	1526084723	1800	1	1	10.19.116.251	{"user_agent":null}	0	385F8C9E-4189-42A4-C7C3-5903B1DEAC16	1526084444000	NULL	NULL		0
123	F1F0244F-7F92-C0D7-15B7-0C4F74288526	0	1526084799	1800	1	1	10.19.116.251	{"user_agent":null}	0	165A1D2F-EDB6-7A5A-6396-6815CFC50241	1526084520000	NULL	NULL		0
124	1F1ECAAC-4CA1-FE37-15BA-D19279FBB6C5	0	1526085005	1800	1	1	10.19.116.251	{"user_agent":null}	0	199482C4-9840-729C-AF9D-25004E599810	1526084726000	NULL	NULL		0
125	97964224-C429-76B3-51FE-95D63DB33E4D	0	1526085079	1800	1	1	10.19.116.251	{"user_agent":null}	0	38C64ACE-2765-4432-1604-361091CDCBC9	1526084799000	NULL	NULL		0
126	E0E1355A-2AC7-91C3-51F7-0C4F071EE333	0	1526085185	1800	1	1	10.19.116.251	{"user_agent":null}	0	B0405A02-F14A-CCD3-93E1-44565A7448E2	1526084905000	NULL	NULL		0
127	4A4B9FFC-4CA1-FB66-04AE-95D6B0666B95	0	1526085423	1800	1	1	10.19.116.251	{"user_agent":null}	0	E6781AEF-8CEF-14EC-037F-164F6BD838E1	1526085144000	NULL	NULL		0
129	6869BDD8-08E5-B947-15B9-E2A10DB885B1	0	1526085503	1800	1	1	10.19.116.251	{"user_agent":null}	0	A989702F-A83D-B52F-6E60-6CCB931735A1	1526085223000	NULL	NULL		0
130	B5B4600F-7F92-C495-3791-6A298F955866	0	1526085553	1800	1	1	10.19.116.251	{"user_agent":null}	0	C95A567D-1D78-D7B9-F462-822CDEFF2FC8	1526085273000	NULL	NULL		0
131	7978ACCB-3BD6-8856-04AA-D1922DB885A2	0	1526086081	1800	1	1	10.19.116.251	{"user_agent":null}	0	55FE04F4-A221-1B5C-F32B-5FEF846539B7	1526085801000	NULL	NULL		0
134	1F1ECAA6-E60B-5E3F-9D38-F3B0260CC1CF	0	1526087435	1800	1	1	73.42.206.234	{"user_agent":null}	0	10BC217E-C6E5-57BC-A0B7-5438A57EEBB1	1526087155000	NULL	NULL		0
135	A4A57110-806D-3585-379F-84C77E855879	0	1526087637	1800	1	1	73.42.206.234	{"user_agent":null}	0	D542ED62-31A8-DCD0-0A5D-D3D8D0722EEC	1526087357000	NULL	NULL		0
136	E0E1355F-7F92-C1CA-C86B-C08364244936	0	1526087906	1800	1	1	73.42.206.234	{"user_agent":null}	0	985DE761-647A-B36E-B8EE-260EBEC557DD	1526087626000	NULL	NULL		0
137	3D3CE886-E60B-5C17-15B2-591A42422FEF	0	1526088022	1800	1	1	73.42.206.234	{"user_agent":null}	0	C2AACCF5-DFAF-A590-C569-B9A645BEFC1C	1526087742000	NULL	NULL		0
138	A4A5711D-5DB0-E584-2683-480BBF955874	0	1526088098	1800	1	1	73.42.206.234	{"user_agent":null}	0	B6A11F5E-CC34-B913-BB7B-BC460882F1D3	1526087818000	NULL	NULL		0
139	2C2DF999-19F4-AD08-EA43-480B2AC449F0	0	1526088229	1800	1	1	73.42.206.234	{"user_agent":null}	0	547F5B1B-DDC0-EA68-BA35-02C560358553	1526087948000	NULL	NULL		0
140	F1F02440-806D-30DA-C865-2E6D6ACBB629	0	1526088378	1800	1	1	73.42.206.234	{"user_agent":null}	0	D7BA3ADF-1C46-5589-125D-445E1ED813E7	1526088098000	NULL	NULL		0
141	9796422D-5DB0-E6B8-EA4C-B7F452477A44	0	1526088468	1800	1	1	73.42.206.234	{"user_agent":null}	0	A4D9E31E-AB74-13C9-43ED-54F2AD205823	1526088188000	NULL	NULL		0
142	B5B46005-D538-649D-BF13-480B0DBFF26C	0	1526088523	1800	1	1	73.42.206.234	{"user_agent":null}	0	F7AA6E29-7E3C-614F-9B7C-D39529E8348E	1526088243000	NULL	NULL		0
147	B5B4600D-5DB0-E494-2682-591A9CA77A64	0	1526089094	1800	1	1	10.19.116.251	{"user_agent":null}	0	D28B7C2D-D0D3-5F74-6DD1-240B635439FD	1526088814000	NULL	NULL		0
148	A4A57111-917C-258C-AE07-0C4FE6044978	0	1526089127	1800	1	1	73.42.206.234	{"user_agent":null}	0	73F07607-9FD6-BC92-B00B-C4E85238B81A	1526088848000	NULL	NULL		0
149	A4A5711A-2AC7-9580-62C0-7B38CF911C73	0	1526089163	1800	1	1	73.42.206.234	{"user_agent":null}	0	5FC25868-A7D3-9CB6-61B4-3E1CF1CB01A2	1526088883000	NULL	NULL		0
150	5B5A8EE6-E60B-5A7B-D978-F3B0553FF28F	0	1526089207	1800	1	1	10.19.116.251	{"user_agent":null}	0	23459337-7CB9-FE70-F768-F61DF8B29554	1526088927000	NULL	NULL		0
151	C2C3177A-2AC7-93E5-3793-480B9CA11C13	0	1526089257	1800	1	1	73.42.206.234	{"user_agent":null}	0	8B20F61C-EA46-155A-7124-AA2C56B65D8E	1526088977000	NULL	NULL		0
152	B5B46009-19F4-A491-73D3-480BDCA22F60	0	1526089260	1800	1	1	10.19.116.251	{"user_agent":null}	0	80AEDB7A-6B60-D3E1-5CA6-6762C3606C97	1526088980000	NULL	NULL		0
153	C2C3177E-6E83-D3EB-D979-E2A123500D17	0	1526089600	1800	1	1	10.19.116.251	{"user_agent":null}	0	EB7F5BFD-F6B2-BDF9-03E7-BEF29445FCCD	1526089321000	NULL	NULL		0
154	B5B46009-19F4-A49D-BF1F-84C7FE8CC160	0	1526091296	1800	1	1	10.19.116.251	{"user_agent":null}	0	640F4F49-09C3-1B2B-76C2-5F4008FD38A1	1526091016000	NULL	NULL		0
155	1F1ECAA2-A24F-1E33-51F0-7B3855333ECB	0	1526091332	1800	1	1	10.19.116.251	{"user_agent":null}	0	B03189C0-3816-21F3-35BF-3E5627F3DFD2	1526091052000	NULL	NULL		0
156	3D3CE883-B35E-0C13-51F3-480B8BDFF2EA	0	1526091439	1800	1	1	10.19.116.251	{"user_agent":null}	0	01C7E64F-652C-CD45-02E7-A978E12A60C6	1526091160000	NULL	NULL		0
157	5B5A8EEA-2AC7-9A74-268B-C083F3566B83	0	1526092056	1800	1	1	10.19.116.251	{"user_agent":null}	0	935B8D7A-74E2-B19E-A699-E71798401AA7	1526091776000	NULL	NULL		0
158	1F1ECAA0-806D-3E32-40E3-480BB9FEE3C9	0	1526092366	1800	1	1	10.19.116.251	{"user_agent":null}	0	CF479CF3-25EB-68F8-6A9B-E602CFD8AAAD	1526092086000	NULL	NULL		0
159	E0E1355F-7F92-C1CA-C86B-C08331711C36	0	1526094441	1800	1	1	10.19.116.251	{"user_agent":null}	0	D077C773-DD04-878F-3AC2-5CDD4E0FCB91	1526094161000	NULL	NULL		0
160	3D3CE887-F71A-4C19-FB5D-A6E59E800DEE	0	1526094494	1800	1	1	10.19.116.251	{"user_agent":null}	0	78DF770D-BBCE-CB49-93B9-0752095D92E5	1526094214000	NULL	NULL		0
170	8687533A-2AC7-97A3-51F1-6A2967188553	0	1526102225	1800	1	1	73.35.192.26	{"user_agent":null}	0	11D7C01A-C25E-1A83-BE3F-8FBDE01DFC06	1526101944000	NULL	NULL		0
191	7978ACC6-E60B-5857-15B6-1D5EDF9BB6AF	0	1526153315	1800	1	1	73.225.19.44	{"user_agent":null}	0	CFDC6262-F7C4-5430-C7B7-6EFC3441613A	1526153037000	NULL	NULL		0
192	0E0FDBB0-806D-3F25-3795-2E6D12433ED9	0	1526153667	1800	1	1	73.225.19.44	{"user_agent":null}	0	B2E9A993-20B7-3C58-3EF9-E5EE5481FEF6	1526153387000	NULL	NULL		0
193	B5B46000-806D-3495-379E-95D6C42EE369	0	1526154576	1800	1	1	73.42.206.234	{"user_agent":null}	0	CF7FB6F5-6EC2-47DA-5E91-F45DDD6592AF	1526154295000	NULL	NULL		0
197	1F1ECAA3-B35E-0E3C-AE0E-95D6106994CA	0	1526157695	1800	1	1	73.225.19.44	{"user_agent":null}	0	2AEDBA5F-7BFA-2C54-4CF1-10E0C8EAC05E	1526157414000	NULL	NULL		0
199	1F1ECAA4-C429-7E37-15B2-591ADBD994CD	0	1526157997	1800	1	1	73.225.19.44	{"user_agent":null}	0	8356AD36-513D-FD23-4FE5-0A8E9E1F3C1C	1526157716000	NULL	NULL		0
200	E0E13556-E60B-51C0-62C8-F3B00BD11C3F	0	1526158047	1800	1	1	73.225.19.44	{"user_agent":null}	0	570F2420-4D24-2CE0-37C7-9F75C46591B3	1526157765000	NULL	NULL		0
201	B5B4600D-5DB0-E497-15B1-6A29D8E00D64	0	1526160688	1800	1	1	73.109.61.82	{"user_agent":null}	0	9502C5C7-1416-9EF2-52B0-4C38DAE609AF	1526160406000	NULL	NULL		0
203	3D3CE883-B35E-0C14-2684-3F7CEDBEE3EA	0	1526162601	1800	1	1	67.170.104.168	{"user_agent":null}	0	4D8A7D27-EC4A-D7FA-3181-F623CD7AD744	1526162320000	NULL	NULL		0
207	C2C31773-B35E-03E3-51FC-B7F4C06BB61A	0	1526165131	1800	1	1	67.170.104.168	{"user_agent":null}	0	C08BD39D-451D-58FA-83B1-576CD8C76A23	1526164850000	NULL	NULL		0
208	A4A57112-A24F-1584-268C-B7F4E53FF27B	0	1526165309	1800	1	1	67.170.104.168	{"user_agent":null}	0	7ED987EF-067B-67FF-A315-BD570BA9B2B3	1526165029000	NULL	NULL		0
209	6869BDDD-5DB0-E94F-9D34-3F7CF71AA7B4	0	1526165406	1800	1	1	67.170.104.168	{"user_agent":null}	0	05D2E440-B35F-47FE-4314-545EE793B337	1526165126000	NULL	NULL		0
210	6869BDD3-B35E-094B-D97E-95D69F966BBA	0	1526165467	1800	1	1	67.170.104.168	{"user_agent":null}	0	9DE95CD1-5941-F8ED-7B2F-B9725D265CDC	1526165187000	NULL	NULL		0
212	0E0FDBB0-806D-3F2C-AE0C-B7F49AC22FD9	0	1526170046	1800	1	1	73.225.19.44	{"user_agent":null}	0	B327BF59-CACB-DE10-1C1F-0E2F9CF764CF	1526169765000	NULL	NULL		0
213	B5B4600B-3BD6-849D-BF1D-A6E547155862	0	1526171086	1800	1	1	73.225.19.44	{"user_agent":null}	0	2F2AA8A7-A2D6-0341-BFB8-AE523B5852E5	1526170805000	NULL	NULL		0
214	0E0FDBBF-7F92-CF28-EA47-0C4F953994D6	0	1526171683	1800	1	1	73.225.19.44	{"user_agent":null}	0	1256B67F-4CC2-333B-B833-41F5B9F95BEF	1526171402000	NULL	NULL		0
215	97964227-F71A-46BF-9D31-6A293E8CC14E	0	1526171727	1800	1	1	73.225.19.44	{"user_agent":null}	0	DF42CBEE-F994-278D-3976-F0987AC4C70A	1526171446000	NULL	NULL		0
216	3D3CE884-C429-7C11-73D6-1D5E40666BED	0	1526171762	1800	1	1	73.225.19.44	{"user_agent":null}	0	BB349BEF-3E29-687B-9B5F-8E2A6CE64CA6	1526171482000	NULL	NULL		0
217	5B5A8EE2-A24F-1A74-2683-480B73566B8B	0	1526171790	1800	1	1	73.225.19.44	{"user_agent":null}	0	20DE1C07-CDEC-7971-2100-97D412BD91EF	1526171509000	NULL	NULL		0
218	A4A57113-B35E-0584-268D-A6E539F33E7A	0	1526171849	1800	1	1	73.225.19.44	{"user_agent":null}	0	837AAD2F-C93B-7684-F989-5DDD65A922AA	1526171568000	NULL	NULL		0
219	8687533F-7F92-C7AD-BF1A-D192AE8FF256	0	1526171886	1800	1	1	73.225.19.44	{"user_agent":null}	0	8379F3AA-ABC0-6353-0C76-44522343F404	1526171605000	NULL	NULL		0
220	A4A5711D-5DB0-E58A-C86D-A6E5C8ECC174	0	1526171984	1800	1	1	73.225.19.44	{"user_agent":null}	0	422FAAD0-6313-8C32-5664-E8868CEB8086	1526171704000	NULL	NULL		0
221	4A4B9FF0-806D-3B66-04A2-591ACBDDD099	0	1526172065	1800	1	1	73.225.19.44	{"user_agent":null}	0	F5E07AAE-B335-975E-F754-A04A69F00A3B	1526171784000	NULL	NULL		0
222	4A4B9FF7-F71A-4B61-73D2-591A33522F9E	0	1526172118	1800	1	1	73.225.19.44	{"user_agent":null}	0	77A2E490-3D5E-E927-FA72-F9F1527B2C9C	1526171837000	NULL	NULL		0
223	3D3CE88A-2AC7-9C1C-AE05-2E6DA06BB6E3	0	1526172282	1800	1	1	73.225.19.44	{"user_agent":null}	0	D477EF2B-EEB8-9EE4-6A1C-F7CCCC12ED03	1526172001000	NULL	NULL		0
224	C2C3177C-4CA1-F3EE-8C2E-95D68BDDD015	0	1526172511	1800	1	1	73.225.19.44	{"user_agent":null}	0	555DC06D-20F1-6CB1-62C0-6F213848D733	1526172230000	NULL	NULL		0
225	97964226-E60B-56B3-51FC-B7F41DB33E4F	0	1526172546	1800	1	1	73.225.19.44	{"user_agent":null}	0	0BCDD72A-2249-1149-DC8B-394FAE672DA1	1526172265000	NULL	NULL		0
226	0E0FDBBD-5DB0-EF2D-BF10-7B38F17885D4	0	1526172589	1800	1	1	73.225.19.44	{"user_agent":null}	0	55AD6432-8C9A-6DBF-7143-6A52954B0BC8	1526172308000	NULL	NULL		0
227	D3D2066A-2AC7-92F7-15B0-7B38FBD55803	0	1526172899	1800	1	1	73.225.19.44	{"user_agent":null}	0	94C2BE0A-0472-DE91-3CB8-383DF965C8D9	1526172618000	NULL	NULL		0
228	8687533F-7F92-C7A4-2683-480B624AA756	0	1526172960	1800	1	1	73.225.19.44	{"user_agent":null}	0	A5CA1640-EB46-579E-386D-30F03744CE1A	1526172679000	NULL	NULL		0
229	B5B4600E-6E83-D495-3790-7B3842488567	0	1526173483	1800	1	1	73.225.19.44	{"user_agent":null}	0	24FD61CE-C41A-3138-46BB-CB6344ACC257	1526173202000	NULL	NULL		0
231	8687533A-2AC7-97A0-62C2-591A106CC153	0	1526173791	1800	1	1	73.225.19.44	{"user_agent":null}	0	3D0E82D0-BB26-AA98-471D-C1A182AE986A	1526173510000	NULL	NULL		0
232	2C2DF998-08E5-BD05-379F-84C790633EF1	0	1526174273	1800	1	1	73.225.19.44	{"user_agent":null}	0	A55150A1-3185-CE3D-D13F-2607378D9E21	1526173992000	NULL	NULL		0
233	7978ACC6-E60B-5854-2685-2E6DCE8994AF	0	1526174300	1800	1	1	73.225.19.44	{"user_agent":null}	0	CAFFFC8C-09F5-2D1C-AEC6-CA340F50AC7D	1526174019000	NULL	NULL		0
234	4A4B9FFE-6E83-DB6B-D971-6A29817AA797	0	1526174447	1800	1	1	73.225.19.44	{"user_agent":null}	0	703B9B81-5570-E43F-B153-02F88935422D	1526174166000	NULL	NULL		0
235	B5B46007-F71A-449B-D977-0C4F87133E6E	0	1526174635	1800	1	1	73.225.19.44	{"user_agent":null}	0	7A7D2935-E1FD-F553-72DD-F7F6B1304C11	1526174354000	NULL	NULL		0
236	6869BDD3-B35E-094E-8C2B-C0838E822FBA	0	1526174679	1800	1	1	73.225.19.44	{"user_agent":null}	0	212F1D99-CFDA-F121-36DB-1E38142EF12F	1526174398000	NULL	NULL		0
237	1F1ECAA9-19F4-AE3E-8C26-1D5EB06BB6C0	0	1526174734	1800	1	1	73.225.19.44	{"user_agent":null}	0	6D16040F-3E21-21CE-6876-21713831352D	1526174453000	NULL	NULL		0
240	7978ACCE-6E83-D852-40EB-C0835F9EE3A7	0	1526176023	1800	1	1	73.225.19.44	{"user_agent":null}	0	9105F459-3F10-BFDB-0E18-9EB1E493D056	1526175742000	NULL	NULL		0
241	D3D20665-D538-62FB-D973-480B4F9DD00C	0	1526177036	1800	1	1	73.225.19.44	{"user_agent":null}	0	CDE1A9AB-FDFB-3860-8D72-2A394F3E335B	1526176755000	NULL	NULL		0
242	B5B46001-917C-249E-8C24-3F7CD4255868	0	1526177067	1800	1	1	73.225.19.44	{"user_agent":null}	0	022E57CF-D1B4-280F-7776-8540D416D7BC	1526176786000	NULL	NULL		0
243	F1F02440-806D-30D7-15B8-F3B084288529	0	1526177301	1800	1	1	73.225.19.44	{"user_agent":null}	0	5870B578-5F37-C8D9-615D-5550C3FE24DA	1526177020000	NULL	NULL		0
244	E0E13555-D538-61C3-51F8-F3B08069943C	0	1526177357	1800	1	1	73.225.19.44	{"user_agent":null}	0	17998CDD-7FCD-6564-0F46-937A1537C4D5	1526177077000	NULL	NULL		0
245	1F1ECAAD-5DB0-EE3B-D977-0C4F69F77AC4	0	1526177397	1800	1	1	73.225.19.44	{"user_agent":null}	0	904417F0-A71B-4FDA-974B-2B0C413A6C08	1526177116000	NULL	NULL		0
246	3D3CE888-08E5-BC1B-D970-7B383BD77AE1	0	1526177427	1800	1	1	73.225.19.44	{"user_agent":null}	0	24301BEA-E0A4-2DAB-6D90-A48BEEF4C1EC	1526177146000	NULL	NULL		0
247	5B5A8EE5-D538-6A79-FB59-E2A1DE866B8C	0	1526177483	1800	1	1	73.225.19.44	{"user_agent":null}	0	251908BB-7A23-4DAC-7046-22B1ADA318F1	1526177202000	NULL	NULL		0
248	B5B46006-E60B-5491-73DC-B7F49719946F	0	1526177613	1800	1	1	73.225.19.44	{"user_agent":null}	0	E773A441-E41C-50BD-B5EB-A4F1EE9E2E27	1526177332000	NULL	NULL		0
249	9796422E-6E83-D6B2-40E5-2E6DC8E77A47	0	1526178132	1800	1	1	73.225.19.44	{"user_agent":null}	0	280DAEC5-2BB6-1408-DF4B-7F13208B4BF5	1526177851000	NULL	NULL		0
250	6869BDDD-5DB0-E948-EA43-480B806AA7B4	0	1526178209	1800	1	1	73.225.19.44	{"user_agent":null}	0	105072F4-0921-03B6-3E15-0D561847BBE6	1526177928000	NULL	NULL		0
251	97964225-D538-66BD-BF11-6A293CACC14C	0	1526178303	1800	1	1	73.225.19.44	{"user_agent":null}	0	B3A5556E-6382-E14B-AD77-DA4C6C619F3F	1526178022000	NULL	NULL		0
252	F1F02440-806D-30D8-EA47-0C4F84277A29	0	1526178417	1800	1	1	73.225.19.44	{"user_agent":null}	0	110FB76D-0B6C-D72C-62D2-158D0EBD2F08	1526178136000	NULL	NULL		0
253	C2C3177A-2AC7-93EF-9D39-E2A127100D13	0	1526178461	1800	1	1	73.225.19.44	{"user_agent":null}	0	CBE589B1-2A8D-BEB1-AD3A-2127509ED032	1526178180000	NULL	NULL		0
254	4A4B9FF3-B35E-0B6C-AE0B-C0830428859A	0	1526178502	1800	1	1	73.225.19.44	{"user_agent":null}	0	838763DE-147A-9B32-DEBE-914E0D8FF414	1526178221000	NULL	NULL		0
262	0E0FDBBD-5DB0-EF20-62CD-A6E55BDFF2D4	0	1526181057	1800	1	1	73.225.19.44	{"user_agent":null}	0	C9284B1E-97BE-772C-9878-1FF47DA4E20E	1526180776000	NULL	NULL		0
263	0E0FDBB4-C429-7F27-15B3-480B8F9CC1DD	0	1526181387	1800	1	1	73.225.19.44	{"user_agent":null}	0	0E178D18-51E0-2459-FCB1-F54A72F8F19B	1526181106000	NULL	NULL		0
264	3D3CE88D-5DB0-EC12-40EC-B7F485300DE4	0	1526181532	1800	1	1	73.225.19.44	{"user_agent":null}	0	29EAFA90-CEF5-563B-9458-85DEBB10A987	1526181251000	NULL	NULL		0
265	9796422B-3BD6-86B9-FB5B-C083CDB99442	0	1526181588	1800	1	1	73.225.19.44	{"user_agent":null}	0	10FBB344-ED7A-CA9A-7898-0BEB9E47B3F3	1526181307000	NULL	NULL		0
266	3D3CE88A-2AC7-9C10-62C9-E2A1E4233EE3	0	1526181765	1800	1	1	73.225.19.44	{"user_agent":null}	0	FDAE7A27-9F4D-D2B4-0DE5-34FCE87A52EE	1526181483000	NULL	NULL		0
267	D3D20669-19F4-A2F9-FB5D-A6E525355800	0	1526181861	1800	1	1	73.225.19.44	{"user_agent":null}	0	8F9E1786-766A-7D49-C6F5-6A8E3E06009A	1526181580000	NULL	NULL		0
268	6869BDD8-08E5-B94F-9D31-6A29853885B1	0	1526181911	1800	1	1	73.225.19.44	{"user_agent":null}	0	4F604BA5-B356-170A-9963-E7DFAB036DB7	1526181630000	NULL	NULL		0
269	4A4B9FFE-6E83-DB6D-BF17-0C4F5CA11C97	0	1526181946	1800	1	1	73.225.19.44	{"user_agent":null}	0	65912414-C6EE-D441-11DE-E1E58150C7BA	1526181665000	NULL	NULL		0
270	2C2DF997-F71A-4D03-51F6-1D5EACA994FE	0	1526181987	1800	1	1	73.225.19.44	{"user_agent":null}	0	1CC3ECFA-A26C-265F-3676-109D13C3FB5F	1526181706000	NULL	NULL		0
271	F1F02441-917C-20DE-8C20-7B382F9AA728	0	1526182448	1800	1	1	73.225.19.44	{"user_agent":null}	0	B9E79E85-B407-7254-9A52-6AA4EB654178	1526182167000	NULL	NULL		0
272	4A4B9FF4-C429-7B62-40E2-591A03511C9D	0	1526182838	1800	1	1	73.225.19.44	{"user_agent":null}	0	5FDF8C40-C059-ED91-36C9-0934DE4E3091	1526182557000	NULL	NULL		0
273	0E0FDBB2-A24F-1F26-04A4-3F7C32400DDB	0	1526183054	1800	1	1	73.225.19.44	{"user_agent":null}	0	C340DE3A-95BE-84C5-17E7-075CB603676B	1526182773000	NULL	NULL		0
274	0E0FDBBE-6E83-DF25-379B-C08358E994D7	0	1526183139	1800	1	1	73.225.19.44	{"user_agent":null}	0	C531735E-0E60-7ED2-EBF7-94F2E2B3C2B6	1526182858000	NULL	NULL		0
275	C2C31771-917C-23E8-EA45-2E6DB5355818	0	1526183491	1800	1	1	73.225.19.44	{"user_agent":null}	0	390B5A12-0EB0-3F04-2DC7-AAEE11D98D59	1526183210000	NULL	NULL		0
276	3D3CE88C-4CA1-FC18-EA47-0C4F2E811CE5	0	1526183688	1800	1	1	73.225.19.44	{"user_agent":null}	0	3EF50C95-162F-5BFF-CB34-6E39AFE452DA	1526183406000	NULL	NULL		0
277	4A4B9FFC-4CA1-FB6C-AE04-3F7C835FF295	0	1526184084	1800	1	1	73.225.19.44	{"user_agent":null}	0	AC817517-9513-6B65-6EE8-FC6BC4AFECCB	1526183803000	NULL	NULL		0
278	E0E1355A-2AC7-91C9-FB5D-A6E59E8DD033	0	1526184577	1800	1	1	73.225.19.44	{"user_agent":null}	0	3F1329BC-B4F8-239C-70E3-EED52D194911	1526184296000	NULL	NULL		0
279	0E0FDBBF-7F92-CF2B-D974-3F7CF35CC1D6	0	1526184693	1800	1	1	73.225.19.44	{"user_agent":null}	0	E86BC20C-0B13-6DBA-4DF4-B6186C95803D	1526184412000	NULL	NULL		0
281	3D3CE88E-6E83-DC1D-BF10-7B383DB77AE7	0	1526185485	1800	1	1	73.225.19.44	{"user_agent":null}	0	8EC51D39-9148-24EA-806C-0EB378CC5F64	1526185203000	NULL	NULL		0
282	1F1ECAA0-806D-3E31-73D0-7B38CE8AA7C9	0	1526185948	1800	1	1	73.225.19.44	{"user_agent":null}	0	393601FB-FFA2-442A-A861-DC81FA96AA6C	1526185667000	NULL	NULL		0
283	97964224-C429-76B3-51FE-95D6E06EE34D	0	1526186193	1800	1	1	73.225.19.44	{"user_agent":null}	0	8781B497-7AD1-58B4-D004-660A5D2ACB46	1526185912000	NULL	NULL		0
284	E0E13556-E60B-51CF-9D37-0C4F4F9AA73F	0	1526186568	1800	1	1	73.225.19.44	{"user_agent":null}	0	693F2B58-E521-DCF9-7A68-6779D6EC69D1	1526186287000	NULL	NULL		0
286	2C2DF99E-6E83-DD0E-8C22-591AF06885F7	0	1526187777	1800	1	1	73.42.206.234	{"user_agent":null}	0	E8098A18-81E5-D0E8-A9DB-0976916B426B	1526187495000	NULL	NULL		0
287	A4A5711B-3BD6-8584-2685-2E6D753FF272	0	1526188400	1800	1	1	73.42.206.234	{"user_agent":null}	0	DCE14A2D-C820-3DA9-CCA1-E103848D0D5D	1526188118000	NULL	NULL		0
288	3D3CE882-A24F-1C1B-D97A-D192CE822FEB	0	1526188529	1800	1	1	73.225.19.44	{"user_agent":null}	0	47958AA2-0C69-EB24-7D84-4FC590CC48F3	1526188248000	NULL	NULL		0
289	97964225-D538-66BF-9D33-480B0F9DD04C	0	1526188736	1800	1	1	73.225.19.44	{"user_agent":null}	0	A84CA553-4D32-E975-097D-0277D810D55B	1526188454000	NULL	NULL		0
290	F1F02447-F71A-40DA-C862-591A7CADD02E	0	1526188987	1800	1	1	73.225.19.44	{"user_agent":null}	0	3A6DADCA-64F7-ED3C-2C92-0E9792883A13	1526188705000	NULL	NULL		0
292	B5B46005-D538-6494-268A-D1927AC11C6C	0	1526189415	1800	1	1	73.42.206.234	{"user_agent":null}	0	6EC4DCF1-FA88-D033-92FE-08830935BFB0	1526189133000	NULL	NULL		0
293	97964229-19F4-A6B7-15B7-0C4FFCA66B40	0	1526189450	1800	1	1	73.225.19.44	{"user_agent":null}	0	758CA8AE-4C20-2FA8-2DBB-A51D7D60346B	1526189169000	NULL	NULL		0
294	2C2DF99C-4CA1-FD00-62CE-95D61CAAA7F5	0	1526189652	1800	1	1	73.225.19.44	{"user_agent":null}	0	9147F32B-3121-324E-C34E-32BD3DC151A6	1526189370000	NULL	NULL		0
295	6869BDD1-917C-294A-C86D-A6E5FBD33EB8	0	1526190274	1800	1	1	73.225.19.44	{"user_agent":null}	0	ED0160BA-2549-EC86-239A-FA1C403A7737	1526189993000	NULL	NULL		0
296	F1F02443-B35E-00D2-40EE-95D6E178852A	0	1526190326	1800	1	1	73.42.206.234	{"user_agent":null}	0	F89B1D79-B526-F8DF-6214-69CD0DA9E694	1526190044000	NULL	NULL		0
297	0E0FDBBF-7F92-CF2E-8C21-6A293F9558D6	0	1526190364	1800	1	1	73.225.19.44	{"user_agent":null}	0	E93B7A9F-3492-55D2-FD90-9FAB87AA3172	1526190083000	NULL	NULL		0
298	D3D20662-A24F-12F5-379A-D192D17DD00B	0	1526190539	1800	1	1	73.225.19.44	{"user_agent":null}	0	FB2D675F-E478-027B-6D45-E992FFECA764	1526190258000	NULL	NULL		0
299	E0E13556-E60B-51C0-62C8-F3B029F33E3F	0	1526190632	1800	1	1	73.225.19.44	{"user_agent":null}	0	73839E4B-F6F3-9EED-6F41-F788D8D19ACE	1526190351000	NULL	NULL		0
300	0E0FDBB8-08E5-BF27-15BF-84C783500DD1	0	1526190823	1800	1	1	73.225.19.44	{"user_agent":null}	0	FBCE68CC-F7FF-E1D8-DFCB-C28E5A5161D4	1526190542000	NULL	NULL		0
301	0E0FDBBD-5DB0-EF2F-9D32-591A4AC11CD4	0	1526190869	1800	1	1	73.225.19.44	{"user_agent":null}	0	F8EDA056-58F1-E647-1B77-C634A4DD2F8F	1526190587000	NULL	NULL		0
302	4A4B9FF0-806D-3B6B-D97F-84C7617AA799	0	1526190944	1800	1	1	73.225.19.44	{"user_agent":null}	0	1519D248-4A06-16A1-BDF5-E322BB0ACC72	1526190663000	NULL	NULL		0
303	2C2DF995-D538-6D0E-8C29-E2A1153DD0FC	0	1526191322	1800	1	1	73.42.206.234	{"user_agent":null}	0	8E25F96F-0567-52E4-65D1-A1A9BB068EF4	1526191040000	NULL	NULL		0
304	0E0FDBB2-A24F-1F28-EA4A-D192DCA00DDB	0	1526191482	1800	1	1	73.225.19.44	{"user_agent":null}	0	32DD8AE7-5CA9-B560-EB20-ADF545E5C2AF	1526191201000	NULL	NULL		0
305	D3D20665-D538-62F9-FB51-6A29A1711C0C	0	1526191534	1800	1	1	73.225.19.44	{"user_agent":null}	0	3BAE6C00-A38B-009B-9206-1EB2C02E8B89	1526191252000	NULL	NULL		0
306	B5B4600C-4CA1-F494-2683-480B9DB66B65	0	1526191594	1800	1	1	73.42.206.234	{"user_agent":null}	0	EF863911-0DB3-788A-5C7D-107D69DD0244	1526191312000	NULL	NULL		0
307	C2C3177A-2AC7-93E1-73D7-0C4F635AA713	0	1526192867	1800	1	1	73.225.19.44	{"user_agent":null}	0	652AA167-4BC5-7036-A67B-56E31FE71120	1526192586000	NULL	NULL		0
308	2C2DF992-A24F-1D06-04A6-1D5E9ACAA7FB	0	1526193513	1800	1	1	73.225.19.44	{"user_agent":null}	0	CAB5D864-CAE6-7023-B3CA-DE0D5B66D283	1526193232000	NULL	NULL		0
309	9796422F-7F92-C6BC-AE0A-D19214255846	0	1526193604	1800	1	1	73.225.19.44	{"user_agent":null}	0	A7503D0D-E5F9-BCCF-4215-063F8B2FC9AA	1526193322000	NULL	NULL		0
310	D3D2066A-2AC7-92FC-AE0B-C083EACFF203	0	1526193813	1800	1	1	73.225.19.44	{"user_agent":null}	0	11C22615-4F99-BA60-3EA7-4A9B2DFF985A	1526193532000	NULL	NULL		0
311	A4A57111-917C-2589-FB52-591A5DBAA778	0	1526193907	1800	1	1	73.225.19.44	{"user_agent":null}	0	6F93CE3F-AE9B-BC7D-234F-A301403CDCC5	1526193626000	NULL	NULL		0
312	86875337-F71A-47AF-9D30-7B38B714495E	0	1526194097	1800	1	1	73.225.19.44	{"user_agent":null}	0	39E24421-9055-6109-0314-2615517E1CD9	1526193816000	NULL	NULL		0
313	7978ACCB-3BD6-8856-04AA-D192B4211CA2	0	1526194270	1800	1	1	73.225.19.44	{"user_agent":null}	0	F1900960-A995-C6FF-26CA-8179443236EA	1526193989000	NULL	NULL		0
314	4A4B9FF9-19F4-AB65-3798-F3B02CA99490	0	1526194282	1800	1	1	73.225.19.44	{"user_agent":null}	0	6675D167-7D2F-C20C-3505-F4EA21949D50	1526194001000	NULL	NULL		0
315	86875334-C429-77A0-62CC-B7F4D24EE35D	0	1526194381	1800	1	1	73.225.19.44	{"user_agent":null}	0	C0DD8C5C-4D9C-7050-85E4-1A3EF99D7E48	1526194100000	NULL	NULL		0
316	4A4B9FF7-F71A-4B63-51F0-7B38BBD8859E	0	1526195146	1800	1	1	73.225.19.44	{"user_agent":null}	0	10913629-F9C1-FC47-49FE-ABBC27E7D896	1526194865000	NULL	NULL		0
317	1F1ECAA2-A24F-1E3B-D978-F3B0FF911CCB	0	1526195359	1800	1	1	73.225.19.44	{"user_agent":null}	0	1A0D10B9-F4E4-2F71-8054-292C1118C9BB	1526195077000	NULL	NULL		0
318	4A4B9FFB-3BD6-8B69-FB56-1D5EE24BB692	0	1526195776	1800	1	1	73.225.19.44	{"user_agent":null}	0	C99C574F-68C6-6BC9-2E67-F88E1DECD998	1526195495000	NULL	NULL		0
319	3D3CE88E-6E83-DC11-73DC-B7F4B5333EE7	0	1526195857	1800	1	1	73.225.19.44	{"user_agent":null}	0	E0F62A2A-5B05-A91A-CF2F-79AE61BD1C42	1526195576000	NULL	NULL		0
320	D3D2066A-2AC7-92F6-04A1-6A29AE811C03	0	1526195972	1800	1	1	73.225.19.44	{"user_agent":null}	0	1E6B7027-C298-E781-5DE6-01C60443CAEB	1526195691000	NULL	NULL		0
321	1F1ECAAB-3BD6-8E38-EA42-591AE71AA7C2	0	1526196171	1800	1	1	73.225.19.44	{"user_agent":null}	0	312D303B-0768-A52B-47D6-B552E9CDE2E7	1526195890000	NULL	NULL		0
322	6869BDD9-19F4-A94A-C865-2E6D2E866BB0	0	1526196241	1800	1	1	73.225.19.44	{"user_agent":null}	0	E77F3550-4141-F139-B5F8-8A620ECC4A92	1526195959000	NULL	NULL		0
323	97964221-917C-26B1-73D9-E2A17CA00D48	0	1526196313	1800	1	1	73.225.19.44	{"user_agent":null}	0	743966E5-64A2-BE3B-31AD-6EB7D046DE12	1526196032000	NULL	NULL		0
324	0E0FDBB1-917C-2F2F-9D3E-95D6317AA7D8	0	1526196419	1800	1	1	73.225.19.44	{"user_agent":null}	0	E1FA3FF1-88EB-5DA3-07F8-6AE93C499877	1526196138000	NULL	NULL		0
325	6869BDD8-08E5-B944-268A-D19258EEE3B1	0	1526197292	1800	1	1	73.225.19.44	{"user_agent":null}	0	B629125D-2638-EC54-66CC-2EB00F711CAC	1526197010000	NULL	NULL		0
326	6869BDDD-5DB0-E94B-D970-7B385DB449B4	0	1526197383	1800	1	1	73.225.19.44	{"user_agent":null}	0	77FE3F79-D522-29D8-E86E-BAFC0A9EE05F	1526197102000	NULL	NULL		0
327	1F1ECAA3-B35E-0E3D-BF1F-84C7BAC22FCA	0	1526197583	1800	1	1	73.225.19.44	{"user_agent":null}	0	F6C6C7A9-5117-D7C0-B8E1-FBDD1E606C34	1526197302000	NULL	NULL		0
328	E0E1355C-4CA1-F1C9-FB5B-C083BAC99435	0	1526198572	1800	1	1	73.225.19.44	{"user_agent":null}	0	C3BA202A-2923-10DB-F4C2-21BE528E3214	1526198291000	NULL	NULL		0
329	7978ACCC-4CA1-F85E-8C25-2E6D7F922FA5	0	1526199013	1800	1	1	73.225.19.44	{"user_agent":null}	0	2506B4EA-17D8-8ECA-4C64-9D6AB1AF3567	1526198732000	NULL	NULL		0
330	F1F02449-19F4-A0D2-40E4-3F7C50699420	0	1526199389	1800	1	1	73.225.19.44	{"user_agent":null}	0	0E4EED49-6C45-0BB9-F88D-28EE88CCEBD1	1526199108000	NULL	NULL		0
332	D3D20663-B35E-02F4-268A-D192F24FF20A	0	1526201231	1800	1	1	73.225.19.44	{"user_agent":null}	0	5112C40C-00C9-6D0B-8B1B-01E97B3839F1	1526200949000	NULL	NULL		0
333	7978ACC3-B35E-0853-51F7-0C4FDACAA7AA	0	1526201414	1800	1	1	73.225.19.44	{"user_agent":null}	0	3861EFB7-4214-AF09-8F56-2F3ADF43AFEC	1526201133000	NULL	NULL		0
334	B5B46007-F71A-4499-FB55-2E6D87111C6E	0	1526201509	1800	1	1	73.225.19.44	{"user_agent":null}	0	736B7FBA-A4DE-9D7B-8C90-43421C97F199	1526201228000	NULL	NULL		0
336	3D3CE882-A24F-1C15-3794-3F7C460449EB	0	1526201804	1800	1	1	73.225.19.44	{"user_agent":null}	0	9764E7D8-E9A2-9CAB-8974-501EAE467362	1526201522000	NULL	NULL		0
337	2C2DF991-917C-2D0E-8C2D-A6E5CCA449F8	0	1526201948	1800	1	1	73.225.19.44	{"user_agent":null}	0	60F62A0D-BF91-FC14-68E1-A2D874987565	1526201666000	NULL	NULL		0
338	1F1ECAAB-3BD6-8E36-04AC-B7F43AC994C2	0	1526202009	1800	1	1	73.225.19.44	{"user_agent":null}	0	91F61435-84E2-4C7C-4A94-DB3B62E587A0	1526201728000	NULL	NULL		0
339	E0E1355C-4CA1-F1CF-9D3D-A6E510655835	0	1526202045	1800	1	1	73.225.19.44	{"user_agent":null}	0	4A7EBC82-8D70-1992-D291-73E5B69C51FA	1526201763000	NULL	NULL		0
340	A4A5711F-7F92-C580-62C5-2E6DDBD55876	0	1526202276	1800	1	1	73.225.19.44	{"user_agent":null}	0	88F935F2-7B4B-B875-4400-8602A2F2D798	1526201995000	NULL	NULL		0
341	D3D20661-917C-22FC-AE00-7B381E8BB608	0	1526202504	1800	1	1	73.225.19.44	{"user_agent":null}	0	38135ACE-B1E6-8701-335A-14477BD26953	1526202222000	NULL	NULL		0
342	1F1ECAAC-4CA1-FE36-04AB-C0834AC994C5	0	1526202913	1800	1	1	73.225.19.44	{"user_agent":null}	0	DE569A8E-BC65-4C6E-2F7A-E089615B184A	1526202632000	NULL	NULL		0
343	D3D2066A-2AC7-92FD-BF1A-D19204200D03	0	1526203040	1800	1	1	73.225.19.44	{"user_agent":null}	0	1B5B88C1-5D74-CB0F-AC98-329205F3E9C8	1526202759000	NULL	NULL		0
344	D3D20668-08E5-B2F0-62C5-2E6D60699401	0	1526203246	1800	1	1	73.225.19.44	{"user_agent":null}	0	F6C8BCD7-25BC-29FC-5A2D-96F6EA3C8947	1526202964000	NULL	NULL		0
345	D3D2066A-2AC7-92FA-C86D-A6E526055803	0	1526203504	1800	1	1	73.225.19.44	{"user_agent":null}	0	94D74BDC-BD58-8A98-8D93-1C3D10F19BC3	1526203223000	NULL	NULL		0
346	F1F02446-E60B-50D7-15BE-95D6B17DD02F	0	1526203537	1800	1	1	73.225.19.44	{"user_agent":null}	0	95F32D1E-9EF1-EE62-33F7-9E531F856993	1526203255000	NULL	NULL		0
347	97964222-A24F-16B4-268F-84C79178854B	0	1526203650	1800	1	1	73.225.19.44	{"user_agent":null}	0	3761F675-53A8-CB53-BD35-B7EA8801F041	1526203369000	NULL	NULL		0
348	6869BDD2-A24F-194E-8C2A-D192524EE3BB	0	1526205686	1800	1	1	73.225.19.44	{"user_agent":null}	0	34FEE0B1-6697-8CA5-1467-CC934723EAEE	1526205405000	NULL	NULL		0
349	2C2DF99D-5DB0-ED0E-8C21-6A291DB558F4	0	1526206876	1800	1	1	73.225.19.44	{"user_agent":null}	0	05C24F82-9770-F192-1C58-A841FA9151C4	1526206595000	NULL	NULL		0
350	7978ACC4-C429-7850-62C3-480B771449AD	0	1526209142	1800	1	1	73.42.206.234	{"user_agent":null}	0	524E488D-B823-C63E-C332-4BFD5B5C40BE	1526208861000	NULL	NULL		0
351	E0E13558-08E5-B1C5-3793-480B724DD031	0	1526209374	1800	1	1	73.42.206.234	{"user_agent":null}	0	4A9AEEC5-64F6-0057-1F4E-13DE3DA3C1C7	1526209092000	NULL	NULL		0
352	7978ACC8-08E5-B85C-AE03-480BE24DD0A1	0	1526209436	1800	1	1	73.42.206.234	{"user_agent":null}	0	3FE22BD9-CD42-AE09-FBD3-3E910CD20250	1526209154000	NULL	NULL		0
353	F1F02449-19F4-A0D5-3793-480BC9F77A20	0	1526209994	1800	1	1	73.42.206.234	{"user_agent":null}	0	699627A7-A0BA-A30B-254E-287C3A11CD53	1526209712000	NULL	NULL		0
354	D3D2066F-7F92-C2FB-D979-E2A154266B06	0	1526211151	1800	1	1	73.42.206.234	{"user_agent":null}	0	7A3F2251-98FC-AEEE-B5E3-4EB8F52D5FB5	1526210869000	NULL	NULL		0
355	7978ACC3-B35E-0852-40E6-1D5EDACBB6AA	0	1526216529	1800	1	1	73.42.206.234	{"user_agent":null}	0	E1F13AA4-9F0A-27CA-B8DB-C08DE0044E4C	1526216248000	NULL	NULL		0
356	B5B46007-F71A-4492-40EE-95D6871AA76E	0	1526216779	1800	1	1	73.42.206.234	{"user_agent":null}	0	EA3CA211-FC9C-7582-4173-CD3AECAF4D2A	1526216497000	NULL	NULL		0
357	97964223-B35E-06B4-268E-95D68178854A	0	1526217160	1800	1	1	73.42.206.234	{"user_agent":null}	0	9B9E6016-DD6A-AE66-229E-923C401197FD	1526216878000	NULL	NULL		0
358	2C2DF990-806D-3D06-04A4-3F7C23533EF9	0	1526217392	1800	1	1	73.42.206.234	{"user_agent":null}	0	D828DF14-B75B-97F0-7596-1229EB2D9057	1526217111000	NULL	NULL		0
359	2C2DF994-C429-7D09-FB5F-84C7D8E77AFD	0	1526217526	1800	1	1	73.42.206.234	{"user_agent":null}	0	11372637-AD3C-0E4F-D97D-BF6B75E30B3A	1526217244000	NULL	NULL		0
360	B5B4600B-3BD6-849F-9D3F-84C712422F62	0	1526217662	1800	1	1	73.42.206.234	{"user_agent":null}	0	D0539E55-8C39-DFEA-8815-8FF9E1C06FAC	1526217380000	NULL	NULL		0
361	3D3CE884-C429-7C12-40E5-2E6DEACFF2ED	0	1526217807	1800	1	1	73.42.206.234	{"user_agent":null}	0	F889CEA3-AF51-B6FB-3327-C2E428FC7A43	1526217525000	NULL	NULL		0
362	C2C3177B-3BD6-83E4-2683-480B735FF212	0	1526237869	1800	1	1	73.225.19.44	{"user_agent":null}	0	7D91329B-DB0A-D1E0-8551-D5BBDB3C8E5E	1526237592000	NULL	NULL		0
363	A4A57112-A24F-158A-C862-591A0BDFF27B	0	1526238505	1800	1	1	73.225.19.44	{"user_agent":null}	0	A3C5A9B8-2DE0-364C-F3B6-BE5B39B75121	1526238228000	NULL	NULL		0
365	1F1ECAAE-6E83-DE33-51FC-B7F41DBBB6C7	0	1526245663	1800	1	1	73.225.19.44	{"user_agent":null}	0	58442E61-B51F-207B-67C9-3F119C7661C5	1526245381000	NULL	NULL		0
380	A4A57115-D538-6589-FB56-1D5EA6011C7C	0	1526257826	1800	1	1	73.225.19.44	{"user_agent":null}	0	CB5DF56A-7F9D-C049-8A97-BFB53BA68D53	1526257544000	NULL	NULL		0
383	7978ACC0-806D-385E-8C29-E2A1735EE3A9	0	1526265125	1800	1	1	73.225.19.44	{"user_agent":null}	0	26C1408E-791D-0961-AE34-E127081F51CD	1526264843000	NULL	NULL		0
384	3D3CE885-D538-6C19-FB5F-84C7BE800DEC	0	1526265253	1800	1	1	73.225.19.44	{"user_agent":null}	0	F0E899AB-34AA-30A6-0145-8F0B979FF3D4	1526264971000	NULL	NULL		0
385	4A4B9FF4-C429-7B6E-8C2E-95D6CF911C9D	0	1526265333	1800	1	1	73.225.19.44	{"user_agent":null}	0	8B21F50E-3E0C-190D-8333-54175A3B6B4E	1526265051000	NULL	NULL		0
386	D3D20663-B35E-02FB-D975-2E6DA715580A	0	1526265415	1800	1	1	73.225.19.44	{"user_agent":null}	0	F7DEBCE4-0661-0595-72CC-DC84402188E1	1526265132000	NULL	NULL		0
387	5B5A8EEC-4CA1-FA70-62C9-E2A1A0611C85	0	1526265475	1800	1	1	73.225.19.44	{"user_agent":null}	0	D343A4E5-AF2F-A15E-B3C8-2E86356966DD	1526265192000	NULL	NULL		0
389	E0E13550-806D-31CB-D975-2E6D94255839	0	1526266176	1800	1	1	73.225.19.44	{"user_agent":null}	0	447CC888-D4EF-C106-D173-5EE9FBE0958C	1526265893000	NULL	NULL		0
390	2C2DF994-C429-7D09-FB5F-84C7635CC1FD	0	1526266555	1800	1	1	73.225.19.44	{"user_agent":null}	0	122E6096-169A-DFC4-B2E6-A97430FA20B4	1526266273000	NULL	NULL		0
392	4A4B9FF6-E60B-5B60-62C2-591AFE8EE39F	0	1526267409	1800	1	1	73.225.19.44	{"user_agent":null}	0	F0D2CF70-3101-C9B4-459A-D92FD6E06778	1526267127000	NULL	NULL		0
393	7978ACC2-A24F-1859-FB5C-B7F4060CC1AB	0	1526268086	1800	1	1	73.225.19.44	{"user_agent":null}	0	79A23871-2E9A-5868-F1B1-C74F3A91A8A3	1526267803000	NULL	NULL		0
394	3D3CE880-806D-3C11-73D2-591A224449E9	0	1526268339	1800	1	1	73.225.19.44	{"user_agent":null}	0	C052D6D3-D9D9-DC00-D890-67C0D2404C45	1526268056000	NULL	NULL		0
395	1F1ECAA0-806D-3E36-04A7-0C4F8AC994C9	0	1526268645	1800	1	1	73.225.19.44	{"user_agent":null}	0	E367A692-456F-DD7E-6E32-765606B0E564	1526268363000	NULL	NULL		0
396	7978ACCB-3BD6-885F-9D33-480B1E822FA2	0	1526268862	1800	1	1	73.225.19.44	{"user_agent":null}	0	585F1DC0-C7D8-F20D-0314-D3ED28CDF416	1526268579000	NULL	NULL		0
397	7978ACC0-806D-3851-73D6-1D5E62400DA9	0	1526269662	1800	1	1	73.225.19.44	{"user_agent":null}	0	C9744361-FD75-F7EF-2255-A304145C4B7A	1526269379000	NULL	NULL		0
398	86875338-08E5-B7A5-3795-2E6DDE877A51	0	1526270095	1800	1	1	73.225.19.44	{"user_agent":null}	0	3B32F3F8-9682-D6AB-59D3-E2137FEAFF6B	1526269812000	NULL	NULL		0
399	8687533A-2AC7-97A0-62C2-591A89F55853	0	1526270368	1800	1	1	73.225.19.44	{"user_agent":null}	0	7338AB9D-FB59-14CC-5B7D-D47755157D54	1526270085000	NULL	NULL		0
400	C2C3177C-4CA1-F3E7-15B7-0C4FA9F66B15	0	1526270587	1800	1	1	73.225.19.44	{"user_agent":null}	0	3482A574-94FA-1C68-D76B-A90B67D57B25	1526270304000	NULL	NULL		0
401	E0E13553-B35E-01C6-04AB-C083C24EE33A	0	1526270774	1800	1	1	73.225.19.44	{"user_agent":null}	0	AE954F2E-ED3A-E87A-8674-6C4B24C8D6C8	1526270492000	NULL	NULL		0
402	4A4B9FFD-5DB0-EB64-268D-A6E56CA88594	0	1526270924	1800	1	1	73.225.19.44	{"user_agent":null}	0	F901CF39-BE32-ECED-09BB-93ADEEF8E315	1526270641000	NULL	NULL		0
403	D3D20662-A24F-12FA-C865-2E6DD1722F0B	0	1526271342	1800	1	1	73.225.19.44	{"user_agent":null}	0	EFB3A640-AE65-4869-940C-461530A0BBEB	1526271059000	NULL	NULL		0
404	F1F02440-806D-30DF-9D30-7B380CA88529	0	1526271497	1800	1	1	73.225.19.44	{"user_agent":null}	0	66D0F3DB-EDB8-5822-A27C-C5E71A146E1E	1526271215000	NULL	NULL		0
405	7978ACCF-7F92-C850-62C8-F3B083500DA6	0	1526271750	1800	1	1	73.225.19.44	{"user_agent":null}	0	E5D54E71-ABA2-D336-FE03-F78F3FD614ED	1526271467000	NULL	NULL		0
406	A4A5711A-2AC7-958E-8C2E-95D6A9F99473	0	1526272248	1800	1	1	73.225.19.44	{"user_agent":null}	0	5B7CC80C-53EE-C26B-8C11-FF09BB24EB66	1526271966000	NULL	NULL		0
407	D3D20669-19F4-A2F8-EA4C-B7F48F9EE300	0	1526272675	1800	1	1	73.225.19.44	{"user_agent":null}	0	BEA4689E-C973-540F-3A96-FC481D7CB8A4	1526272393000	NULL	NULL		0
408	4A4B9FFE-6E83-DB69-FB53-480B4DB44997	0	1526272848	1800	1	1	73.225.19.44	{"user_agent":null}	0	90DAA436-BF93-C74A-BB9F-44B79A3028F4	1526272566000	NULL	NULL		0
409	3D3CE885-D538-6C16-04A0-7B38C9F885EC	0	1526273029	1800	1	1	73.225.19.44	{"user_agent":null}	0	92E61987-1A82-72CD-6A9E-E62821A58264	1526272747000	NULL	NULL		0
410	B5B46000-806D-3499-FB52-591AA2444969	0	1526273277	1800	1	1	73.225.19.44	{"user_agent":null}	0	3450DFB2-8A2E-F12D-60BC-6DDA26B63ACE	1526272994000	NULL	NULL		0
411	F1F02447-F71A-40D2-40EA-D192924BB62E	0	1526274744	1800	1	1	73.225.19.44	{"user_agent":null}	0	A99A742E-1ED7-A948-91D8-59EDD4065996	1526274461000	NULL	NULL		0
412	B5B4600F-7F92-C493-51F7-0C4F9E822F66	0	1526274829	1800	1	1	73.225.19.44	{"user_agent":null}	0	5FC0C4F8-C9FF-C3E1-B25D-F9D933C82711	1526274547000	NULL	NULL		0
415	2C2DF99D-5DB0-ED0F-9D30-7B387BD22FF4	0	1526283942	1800	1	1	67.170.104.168	{"user_agent":null}	0	5EB475FF-6F9B-40B3-E91D-D49EDBCD0BB0	1526283659000	NULL	NULL		0
417	4A4B9FFE-6E83-DB6B-D971-6A29F60DD097	0	1526321363	1800	1	1	67.170.104.168	{"user_agent":null}	0	1C3C574D-8B09-268F-EA96-34C86A251BA5	1526321081000	NULL	NULL		0
420	6869BDD4-C429-794F-9D3D-A6E5ABD66BBD	0	1526326469	1800	1	1	73.254.216.192	{"user_agent":null}	0	2EB6F386-51EF-4E92-AA31-1358C9E3596C	1526326186000	NULL	NULL		0
421	1F1ECAA1-917C-2E36-04A6-1D5E471449C8	0	1526326849	1800	1	1	73.254.216.192	{"user_agent":null}	0	5E9DF5B9-02ED-D694-7155-8D72BEA63E2C	1526326566000	NULL	NULL		0
422	2C2DF990-806D-3D0B-D979-E2A1671AA7F9	0	1526328266	1800	1	1	10.18.241.59	{"user_agent":null}	0	81CDFEF6-AF73-255E-E639-EE45AFAA610C	1526327981000	NULL	NULL		0
423	1F1ECAA6-E60B-5E39-FB5E-95D6C8E449CF	0	1526328313	1800	1	1	10.18.241.59	{"user_agent":null}	0	2F3C4B14-5298-994C-26DF-6CC349A724B8	1526328028000	NULL	NULL		0
425	0E0FDBB3-B35E-0F21-73D2-591A006558DA	0	1526330874	1800	1	1	10.18.241.59	{"user_agent":null}	0	D6103B6D-CE2E-A0EA-0457-15D0D4ABB16E	1526330591000	NULL	NULL		0
427	A4A57114-C429-7582-40EC-B7F48539947D	0	1526333500	1800	1	1	10.18.241.59	{"user_agent":null}	0	DC059589-A965-A99A-13BA-7609D04F6E8D	1526333216000	NULL	NULL		0
428	5B5A8EE2-A24F-1A72-40E5-2E6D8CAFF28B	0	1526334337	1800	1	1	73.42.206.234	{"user_agent":null}	0	98CDAA9C-11CC-FC4C-7BA2-074A10E70BDB	1526334054000	NULL	NULL		0
